exit_time,pnl_usd,cumulative_pnl_usd,drawdown_usd
2021-01-12T09:45:00,-109.5,-109.5,-109.5
2021-01-12T22:15:00,-44.0,-153.5,-153.5
2021-01-13T14:45:00,-7.5,-161.0,-161.0
2021-01-14T12:30:00,10.0,-151.0,-151.0
2021-01-15T16:45:00,-73.0,-224.0,-224.0
2021-01-16T03:30:00,-86.0,-310.0,-310.0
2021-01-19T21:30:00,193.5,-116.5,-116.5
2021-01-20T00:30:00,2.0,-114.5,-114.5
2021-01-21T15:30:00,827.5,713.0,0.0
2021-01-22T02:15:00,-100.5,612.5,-100.5
2021-01-22T08:15:00,-41.5,571.0,-142.0
2021-01-26T01:00:00,-16.0,555.0,-158.0
2021-01-26T23:45:00,-42.0,513.0,-200.0
2021-01-27T02:00:00,-101.5,411.5,-301.5
2021-01-27T11:15:00,-57.0,354.5,-358.5
2021-01-28T20:30:00,-167.0,187.5,-525.5
2021-01-29T05:30:00,154.5,342.0,-371.0
2021-01-29T15:45:00,56.0,398.0,-315.0
2021-01-30T05:15:00,-217.0,181.0,-532.0
2021-02-01T10:45:00,-191.5,-10.5,-723.5
2021-02-02T14:15:00,5.5,-5.0,-718.0
2021-02-03T18:15:00,277.0,272.0,-441.0
2021-02-04T00:00:00,-84.5,187.5,-525.5
2021-02-04T03:45:00,-69.5,118.0,-595.0
2021-02-04T08:15:00,-113.0,5.0,-708.0
2021-02-04T23:30:00,-24.0,-19.0,-732.0
2021-02-05T10:15:00,71.0,52.0,-661.0
2021-02-05T18:15:00,7.5,59.5,-653.5
2021-02-06T05:30:00,-96.0,-36.5,-749.5
2021-02-08T17:30:00,-12.5,-49.0,-762.0
2021-02-10T01:30:00,-53.5,-102.5,-815.5
2021-02-10T19:45:00,25.0,-77.5,-790.5
2021-02-12T00:00:00,-11.0,-88.5,-801.5
2021-02-15T14:30:00,242.5,154.0,-559.0
2021-02-16T14:45:00,53.5,207.5,-505.5
2021-02-17T18:45:00,-67.0,140.5,-572.5
2021-02-17T23:45:00,-51.5,89.0,-624.0
2021-02-18T03:15:00,-114.0,-25.0,-738.0
2021-02-18T18:00:00,-74.0,-99.0,-812.0
2021-02-19T03:30:00,8.5,-90.5,-803.5
2021-02-19T09:00:00,-14.5,-105.0,-818.0
2021-02-19T23:45:00,-76.5,-181.5,-894.5
2021-02-22T10:30:00,-13.0,-194.5,-907.5
2021-02-23T03:30:00,-125.5,-320.0,-1033.0
2021-02-23T10:45:00,-42.0,-362.0,-1075.0
2021-02-24T00:45:00,214.5,-147.5,-860.5
2021-02-24T16:45:00,-125.0,-272.5,-985.5
2021-02-25T01:15:00,-227.5,-500.0,-1213.0
2021-02-25T23:45:00,-143.0,-643.0,-1356.0
2021-02-26T11:30:00,569.5,-73.5,-786.5
2021-03-02T10:45:00,307.5,234.0,-479.0
2021-03-02T15:15:00,-76.5,157.5,-555.5
2021-03-02T19:45:00,-112.0,45.5,-667.5
2021-03-02T23:45:00,-82.5,-37.0,-750.0
2021-03-03T12:15:00,40.5,3.5,-709.5
2021-03-04T16:15:00,939.5,943.0,0.0
2021-03-05T12:00:00,160.5,1103.5,0.0
2021-03-06T02:30:00,-372.5,731.0,-372.5
2021-03-08T20:15:00,-167.5,563.5,-540.0
2021-03-09T10:15:00,41.5,605.0,-498.5
2021-03-10T13:45:00,-99.5,505.5,-598.0
2021-03-10T21:15:00,-113.5,392.0,-711.5
2021-03-10T23:45:00,-107.5,284.5,-819.0
2021-03-11T21:15:00,-26.5,258.0,-845.5
2021-03-12T06:00:00,46.5,304.5,-799.0
2021-03-15T12:00:00,50.5,355.0,-748.5
2021-03-16T09:00:00,117.5,472.5,-631.0
2021-03-17T01:30:00,143.0,615.5,-488.0
2021-03-18T12:15:00,111.0,726.5,-377.0
2021-03-19T16:30:00,-6.0,720.5,-383.0
2021-03-23T04:30:00,394.0,1114.5,0.0
2021-03-24T04:00:00,-81.5,1033.0,-81.5
2021-03-24T10:15:00,-93.0,940.0,-174.5
2021-03-25T09:15:00,378.5,1318.5,0.0
2021-03-25T11:30:00,-67.5,1251.0,-67.5
2021-03-25T23:15:00,-63.0,1188.0,-130.5
2021-03-26T01:30:00,-202.0,986.0,-332.5
2021-03-26T22:45:00,-32.0,954.0,-364.5
2021-03-29T09:15:00,-105.0,849.0,-469.5
2021-03-29T22:00:00,-38.0,811.0,-507.5
2021-03-30T03:45:00,-189.0,622.0,-696.5
2021-03-31T00:45:00,-108.5,513.5,-805.0
2021-04-01T05:00:00,321.0,834.5,-484.0
2021-04-02T02:30:00,242.5,1077.0,-241.5
2021-04-02T14:45:00,41.5,1118.5,-200.0
2021-04-06T10:15:00,433.5,1552.0,0.0
2021-04-07T02:15:00,-100.0,1452.0,-100.0
2021-04-08T00:45:00,-81.5,1370.5,-181.5
2021-04-08T04:45:00,-75.0,1295.5,-256.5
2021-04-08T17:45:00,93.0,1388.5,-163.5
2021-04-08T21:15:00,-57.5,1331.0,-221.0
2021-04-08T23:15:00,-92.0,1239.0,-313.0
2021-04-09T12:00:00,50.0,1289.0,-263.0
2021-04-12T08:45:00,35.0,1324.0,-228.0
2021-04-14T22:30:00,319.5,1643.5,0.0
2021-04-16T10:15:00,171.0,1814.5,0.0
2021-04-16T22:45:00,-21.5,1793.0,-21.5
2021-04-19T15:15:00,-24.0,1769.0,-45.5
2021-04-21T21:15:00,-58.5,1710.5,-104.0
2021-04-22T08:45:00,156.5,1867.0,0.0
2021-04-23T10:30:00,-85.0,1782.0,-85.0
2021-04-24T05:00:00,241.5,2023.5,0.0
2021-04-27T16:00:00,-17.5,2006.0,-17.5
2021-04-28T23:45:00,-96.5,1909.5,-114.0
2021-04-29T14:15:00,27.0,1936.5,-87.0
2021-04-29T22:45:00,-40.5,1896.0,-127.5
2021-04-30T02:30:00,-132.5,1763.5,-260.0
2021-04-30T15:30:00,-42.0,1721.5,-302.0
2021-05-01T00:15:00,-94.5,1627.0,-396.5
2021-05-03T15:45:00,-29.0,1598.0,-425.5
2021-05-03T19:30:00,-35.0,1563.0,-460.5
2021-05-03T22:45:00,-95.5,1467.5,-556.0
2021-05-04T00:00:00,-164.5,1303.0,-720.5
2021-05-04T14:45:00,76.0,1379.0,-644.5
2021-05-05T03:15:00,403.0,1782.0,-241.5
2021-05-06T09:45:00,0.5,1782.5,-241.0
2021-05-07T22:00:00,-69.5,1713.0,-310.5
2021-05-11T14:15:00,944.5,2657.5,0.0
2021-05-11T22:45:00,-193.0,2464.5,-193.0
2021-05-12T16:15:00,-24.0,2440.5,-217.0
2021-05-13T09:45:00,321.0,2761.5,0.0
2021-05-18T04:15:00,53.5,2815.0,0.0
2021-05-19T23:30:00,109.0,2924.0,0.0
2021-05-20T16:00:00,151.0,3075.0,0.0
2021-05-21T11:15:00,441.0,3516.0,0.0
2021-05-21T22:45:00,-85.0,3431.0,-85.0
2021-05-25T05:00:00,283.5,3714.5,0.0
2021-05-25T19:45:00,20.0,3734.5,0.0
2021-05-26T15:15:00,-19.5,3715.0,-19.5
2021-05-26T22:15:00,-66.0,3649.0,-85.5
2021-05-28T03:15:00,-111.0,3538.0,-196.5
2021-05-28T21:15:00,-16.0,3522.0,-212.5
2021-05-28T23:30:00,-59.5,3462.5,-272.0
2021-05-29T03:00:00,-57.5,3405.0,-329.5
2021-06-01T23:00:00,72.0,3477.0,-257.5
2021-06-02T00:45:00,-80.0,3397.0,-337.5
2021-06-03T02:30:00,-71.0,3326.0,-408.5
2021-06-03T04:45:00,-97.5,3228.5,-506.0
2021-06-04T00:00:00,115.0,3343.5,-391.0
2021-06-04T11:30:00,-58.0,3285.5,-449.0
2021-06-07T09:15:00,413.5,3699.0,-35.5
2021-06-07T20:15:00,-77.5,3621.5,-113.0
2021-06-07T22:30:00,-50.5,3571.0,-163.5
2021-06-08T12:00:00,111.5,3682.5,-52.0
2021-06-08T23:00:00,-44.0,3638.5,-96.0
2021-06-09T23:30:00,11.5,3650.0,-84.5
2021-06-11T14:15:00,266.5,3916.5,0.0
2021-06-11T21:45:00,-40.0,3876.5,-40.0
2021-06-14T15:15:00,22.0,3898.5,-18.0
2021-06-14T21:45:00,-39.5,3859.0,-57.5
2021-06-15T19:00:00,157.0,4016.0,0.0
2021-06-17T00:15:00,-23.0,3993.0,-23.0
2021-06-17T21:30:00,-65.5,3927.5,-88.5
2021-06-18T16:45:00,367.0,4294.5,0.0
2021-06-21T20:30:00,-72.0,4222.5,-72.0
2021-06-22T15:15:00,-35.5,4187.0,-107.5
2021-06-22T22:00:00,-65.0,4122.0,-172.5
2021-06-23T14:15:00,184.5,4306.5,0.0
2021-06-25T02:00:00,148.0,4454.5,0.0
2021-06-25T14:30:00,-19.0,4435.5,-19.0
2021-06-25T20:45:00,-32.0,4403.5,-51.0
2021-06-29T09:15:00,184.5,4588.0,0.0
2021-06-29T21:15:00,-29.5,4558.5,-29.5
2021-06-29T23:15:00,-56.5,4502.0,-86.0
2021-06-30T11:00:00,66.0,4568.0,-20.0
2021-07-05T12:30:00,211.5,4779.5,0.0
2021-07-06T10:30:00,-22.5,4757.0,-22.5
2021-07-07T01:15:00,-114.5,4642.5,-137.0
2021-07-07T15:45:00,-32.0,4610.5,-169.0
2021-07-07T22:45:00,-24.0,4586.5,-193.0
2021-07-09T09:00:00,-5.5,4581.0,-198.5
2021-07-12T09:45:00,84.5,4665.5,-114.0
2021-07-12T19:15:00,-50.0,4615.5,-164.0
2021-07-12T23:00:00,-56.5,4559.0,-220.5
2021-07-13T21:45:00,-95.5,4463.5,-316.0
2021-07-14T02:30:00,-49.0,4414.5,-365.0
2021-07-15T00:30:00,9.0,4423.5,-356.0
2021-07-16T12:30:00,-32.5,4391.0,-388.5
2021-07-16T15:15:00,-35.5,4355.5,-424.0
2021-07-16T23:15:00,-70.5,4285.0,-494.5
2021-07-19T12:45:00,52.0,4337.0,-442.5
2021-07-20T05:00:00,117.5,4454.5,-325.0
2021-07-20T23:00:00,-101.5,4353.0,-426.5
2021-07-21T11:15:00,107.0,4460.0,-319.5
2021-07-21T14:45:00,-49.0,4411.0,-368.5
2021-07-21T22:45:00,-96.5,4314.5,-465.0
2021-07-22T14:15:00,123.5,4438.0,-341.5
2021-07-22T23:00:00,-19.5,4418.5,-361.0
2021-07-23T01:15:00,-73.0,4345.5,-434.0
2021-07-23T20:15:00,66.5,4412.0,-367.5
2021-07-26T10:00:00,144.5,4556.5,-223.0
2021-07-27T01:45:00,-76.5,4480.0,-299.5
2021-07-27T22:45:00,-107.0,4373.0,-406.5
2021-07-28T19:15:00,-70.5,4302.5,-477.0
2021-07-28T22:45:00,-202.0,4100.5,-679.0
2021-07-29T01:00:00,-84.5,4016.0,-763.5
2021-07-29T23:15:00,-58.5,3957.5,-822.0
2021-07-30T17:15:00,-45.5,3912.0,-867.5
2021-07-30T21:00:00,-60.0,3852.0,-927.5
2021-08-02T19:15:00,226.0,4078.0,-701.5
2021-08-02T21:00:00,-49.0,4029.0,-750.5
2021-08-02T23:15:00,-87.0,3942.0,-837.5
2021-08-03T23:30:00,-57.5,3884.5,-895.0
2021-08-04T20:45:00,63.0,3947.5,-832.0
2021-08-05T14:45:00,-9.0,3938.5,-841.0
2021-08-05T22:00:00,-36.5,3902.0,-877.5
2021-08-06T15:45:00,56.5,3958.5,-821.0
2021-08-09T22:15:00,-21.0,3937.5,-842.0
2021-08-11T19:45:00,-42.5,3895.0,-884.5
2021-08-12T21:45:00,-28.0,3867.0,-912.5
2021-08-12T23:00:00,-33.0,3834.0,-945.5
2021-08-13T09:00:00,32.0,3866.0,-913.5
2021-08-13T22:00:00,-28.5,3837.5,-942.0
2021-08-16T09:15:00,0.5,3838.0,-941.5
2021-08-17T02:00:00,-74.5,3763.5,-1016.0
2021-08-17T09:30:00,-40.0,3723.5,-1056.0
2021-08-18T04:00:00,157.0,3880.5,-899.0
2021-08-19T03:45:00,-67.5,3813.0,-966.5
2021-08-19T09:15:00,-7.0,3806.0,-973.5
2021-08-20T03:15:00,112.0,3918.0,-861.5
2021-08-23T15:00:00,421.0,4339.0,-440.5
2021-08-24T12:15:00,277.5,4616.5,-163.0
2021-08-26T21:45:00,-51.5,4565.0,-214.5
2021-08-27T17:30:00,-27.5,4537.5,-242.0
2021-08-27T23:45:00,-47.0,4490.5,-289.0
2021-08-30T10:45:00,-14.5,4476.0,-303.5
2021-08-30T20:30:00,-20.0,4456.0,-323.5
2021-08-31T09:00:00,286.0,4742.0,-37.5
2021-08-31T18:15:00,64.0,4806.0,0.0
2021-09-01T17:15:00,3.5,4809.5,0.0
2021-09-02T03:30:00,-10.5,4799.0,-10.5
2021-09-02T23:15:00,-42.0,4757.0,-52.5
2021-09-03T15:30:00,-36.0,4721.0,-88.5
2021-09-06T19:45:00,48.5,4769.5,-40.0
2021-09-08T05:15:00,-60.0,4709.5,-100.0
2021-09-09T01:30:00,-99.0,4610.5,-199.0
2021-09-09T21:00:00,-83.0,4527.5,-282.0
2021-09-09T23:30:00,-23.0,4504.5,-305.0
2021-09-10T23:15:00,-11.5,4493.0,-316.5
2021-09-11T02:15:00,-57.5,4435.5,-374.0
2021-09-13T08:30:00,62.0,4497.5,-312.0
2021-09-13T15:00:00,-53.5,4444.0,-365.5
2021-09-14T05:00:00,15.5,4459.5,-350.0
2021-09-15T09:00:00,-59.5,4400.0,-409.5
2021-09-15T23:00:00,-28.0,4372.0,-437.5
2021-09-15T23:45:00,-56.0,4316.0,-493.5
2021-09-16T16:30:00,-31.0,4285.0,-524.5
2021-09-17T01:45:00,52.5,4337.5,-472.0
2021-09-17T08:45:00,7.5,4345.0,-464.5
2021-09-17T21:15:00,-29.5,4315.5,-494.0
2021-09-20T09:15:00,182.5,4498.0,-311.5
2021-09-21T05:00:00,515.5,5013.5,0.0
2021-09-22T00:15:00,-151.5,4862.0,-151.5
2021-09-22T10:15:00,-178.5,4683.5,-330.0
2021-09-22T23:00:00,-112.0,4571.5,-442.0
2021-09-24T05:00:00,-47.0,4524.5,-489.0
2021-09-24T23:00:00,73.0,4597.5,-416.0
2021-09-27T16:15:00,181.0,4778.5,-235.0
2021-09-28T03:15:00,155.0,4933.5,-80.0
2021-09-28T22:15:00,-114.0,4819.5,-194.0
2021-09-29T04:00:00,64.5,4884.0,-129.5
2021-09-29T23:00:00,-129.5,4754.5,-259.0
2021-09-30T03:15:00,-139.0,4615.5,-398.0
2021-09-30T22:45:00,-64.0,4551.5,-462.0
2021-10-01T09:15:00,54.0,4605.5,-408.0
2021-10-01T20:00:00,-97.5,4508.0,-505.5
2021-10-02T00:00:00,-140.0,4368.0,-645.5
2021-10-04T14:15:00,-70.5,4297.5,-716.0
2021-10-05T07:15:00,197.0,4494.5,-519.0
2021-10-06T14:15:00,80.0,4574.5,-439.0
2021-10-06T21:00:00,-63.5,4511.0,-502.5
2021-10-07T14:00:00,227.5,4738.5,-275.0
2021-10-07T22:30:00,-60.0,4678.5,-335.0
2021-10-08T03:15:00,-11.0,4667.5,-346.0
2021-10-08T22:00:00,33.5,4701.0,-312.5
2021-10-11T22:15:00,-92.0,4609.0,-404.5
2021-10-12T02:15:00,-38.0,4571.0,-442.5
2021-10-12T14:15:00,3.0,4574.0,-439.5
2021-10-12T22:45:00,-10.5,4563.5,-450.0
2021-10-13T23:00:00,-63.5,4500.0,-513.5
2021-10-15T09:15:00,513.0,5013.0,-0.5
2021-10-15T16:30:00,-49.5,4963.5,-50.0
2021-10-16T01:00:00,-96.0,4867.5,-146.0
2021-10-18T08:30:00,-64.0,4803.5,-210.0
2021-10-18T21:15:00,-39.5,4764.0,-249.5
2021-10-19T22:15:00,361.5,5125.5,0.0
2021-10-20T09:30:00,12.5,5138.0,0.0
2021-10-20T23:15:00,-4.5,5133.5,-4.5
2021-10-22T05:30:00,30.5,5164.0,0.0
2021-10-22T22:15:00,-22.0,5142.0,-22.0
2021-10-22T23:45:00,-94.5,5047.5,-116.5
2021-10-25T22:45:00,-99.0,4948.5,-215.5
2021-10-26T19:30:00,282.5,5231.0,0.0
2021-10-27T00:45:00,-28.5,5202.5,-28.5
2021-10-27T23:15:00,-103.5,5099.0,-132.0
2021-10-28T04:15:00,-79.0,5020.0,-211.0
2021-10-29T05:45:00,14.5,5034.5,-196.5
2021-11-01T15:15:00,367.0,5401.5,0.0
2021-11-01T21:15:00,-27.0,5374.5,-27.0
2021-11-02T09:30:00,-47.0,5327.5,-74.0
2021-11-02T23:15:00,-85.0,5242.5,-159.0
2021-11-03T01:15:00,-82.5,5160.0,-241.5
2021-11-04T21:45:00,182.0,5342.0,-59.5
2021-11-05T09:30:00,150.0,5492.0,0.0
2021-11-05T21:30:00,-5.5,5486.5,-5.5
2021-11-09T00:45:00,-44.0,5442.5,-49.5
2021-11-09T22:00:00,8.0,5450.5,-41.5
2021-11-09T23:45:00,-38.0,5412.5,-79.5
2021-11-11T06:00:00,-145.5,5267.0,-225.0
2021-11-11T23:45:00,14.0,5281.0,-211.0
2021-11-12T08:45:00,-75.5,5205.5,-286.5
2021-11-13T00:15:00,-42.5,5163.0,-329.0
2021-11-15T12:15:00,147.0,5310.0,-182.0
2021-11-15T23:45:00,-74.0,5236.0,-256.0
2021-11-16T04:45:00,36.0,5272.0,-220.0
2021-11-16T20:45:00,-62.0,5210.0,-282.0
2021-11-17T00:30:00,-84.5,5125.5,-366.5
2021-11-17T12:00:00,25.0,5150.5,-341.5
2021-11-18T02:45:00,-26.0,5124.5,-367.5
2021-11-18T23:45:00,70.5,5195.0,-297.0
2021-11-19T16:30:00,191.0,5386.0,-106.0
2021-11-20T00:30:00,-129.5,5256.5,-235.5
2021-11-23T01:30:00,-58.0,5198.5,-293.5
2021-11-24T00:15:00,-225.0,4973.5,-518.5
2021-11-24T05:00:00,-247.0,4726.5,-765.5
2021-11-25T01:30:00,-107.0,4619.5,-872.5
2021-11-25T20:15:00,75.5,4695.0,-797.0
2021-11-26T21:15:00,200.0,4895.0,-597.0
2021-11-29T08:30:00,-147.5,4747.5,-744.5
2021-11-29T20:15:00,-96.0,4651.5,-840.5
2021-11-30T11:30:00,98.5,4750.0,-742.0
2021-11-30T21:30:00,53.5,4803.5,-688.5
2021-12-01T01:00:00,-425.5,4378.0,-1114.0
2021-12-01T17:15:00,2.0,4380.0,-1112.0
2021-12-02T02:00:00,-148.0,4232.0,-1260.0
2021-12-02T11:00:00,479.5,4711.5,-780.5
2021-12-02T23:45:00,-77.0,4634.5,-857.5
2021-12-03T01:00:00,-235.0,4399.5,-1092.5
2021-12-03T13:15:00,-148.0,4251.5,-1240.5
2021-12-04T06:00:00,254.5,4506.0,-986.0
2021-12-06T22:45:00,-34.5,4471.5,-1020.5
2021-12-08T05:15:00,-103.5,4368.0,-1124.0
2021-12-08T16:15:00,33.0,4401.0,-1091.0
2021-12-09T13:00:00,-35.5,4365.5,-1126.5
2021-12-10T18:15:00,-53.0,4312.5,-1179.5
2021-12-10T22:00:00,-43.5,4269.0,-1223.0
2021-12-10T23:45:00,-103.5,4165.5,-1326.5
2021-12-13T14:30:00,60.0,4225.5,-1266.5
2021-12-13T23:15:00,-46.5,4179.0,-1313.0
2021-12-15T04:45:00,-95.0,4084.0,-1408.0
2021-12-15T20:15:00,-46.0,4038.0,-1454.0
2021-12-16T00:45:00,-92.0,3946.0,-1546.0
2021-12-16T04:00:00,-128.5,3817.5,-1674.5
2021-12-16T22:00:00,-94.5,3723.0,-1769.0
2021-12-17T10:15:00,930.0,4653.0,-839.0
2021-12-17T13:45:00,-96.0,4557.0,-935.0
2021-12-17T23:45:00,61.0,4618.0,-874.0
2021-12-18T01:45:00,-302.0,4316.0,-1176.0
2021-12-20T21:00:00,80.0,4396.0,-1096.0
2021-12-22T01:15:00,-151.0,4245.0,-1247.0
2021-12-22T22:30:00,-92.5,4152.5,-1339.5
2021-12-23T00:15:00,-53.5,4099.0,-1393.0
2021-12-23T03:45:00,3.5,4102.5,-1389.5
2021-12-23T17:15:00,-10.5,4092.0,-1400.0
2021-12-23T22:45:00,-42.5,4049.5,-1442.5
2021-12-24T06:00:00,72.0,4121.5,-1370.5
2021-12-28T10:30:00,371.0,4492.5,-999.5
2021-12-28T23:00:00,12.0,4504.5,-987.5
2021-12-30T22:30:00,-19.0,4485.5,-1006.5
2021-12-31T04:15:00,-67.0,4418.5,-1073.5
2021-12-31T23:30:00,-54.0,4364.5,-1127.5
2022-01-03T22:45:00,-2.5,4362.0,-1130.0
2022-01-04T17:15:00,53.5,4415.5,-1076.5
2022-01-04T21:30:00,-98.0,4317.5,-1174.5
2022-01-05T05:15:00,396.0,4713.5,-778.5
2022-01-06T00:15:00,-9.5,4704.0,-788.0
2022-01-06T16:15:00,688.5,5392.5,-99.5
2022-01-07T00:30:00,-207.0,5185.5,-306.5
2022-01-07T23:15:00,-158.5,5027.0,-465.0
2022-01-10T11:00:00,-30.0,4997.0,-495.0
2022-01-11T03:30:00,235.0,5232.0,-260.0
2022-01-12T00:00:00,-101.5,5130.5,-361.5
2022-01-13T15:30:00,-62.0,5068.5,-423.5
2022-01-14T00:15:00,-148.0,4920.5,-571.5
2022-01-14T13:30:00,111.0,5031.5,-460.5
2022-01-14T23:45:00,-138.0,4893.5,-598.5
2022-01-17T23:30:00,9.5,4903.0,-589.0
2022-01-19T17:45:00,199.0,5102.0,-390.0
2022-01-20T12:45:00,-134.0,4968.0,-524.0
2022-01-21T14:45:00,799.0,5767.0,0.0
2022-01-22T00:45:00,-97.5,5669.5,-97.5
2022-01-24T17:30:00,-105.5,5564.0,-203.0
2022-01-25T04:00:00,576.5,6140.5,0.0
2022-01-26T00:45:00,-213.0,5927.5,-213.0
2022-01-26T06:15:00,-481.5,5446.0,-694.5
2022-01-26T08:15:00,-348.0,5098.0,-1042.5
2022-01-27T04:15:00,-247.5,4850.5,-1290.0
2022-01-27T16:45:00,503.5,5354.0,-786.5
2022-01-28T08:00:00,-160.0,5194.0,-946.5
2022-01-28T23:30:00,-162.0,5032.0,-1108.5
2022-01-31T20:30:00,-92.0,4940.0,-1200.5
2022-01-31T23:45:00,-274.5,4665.5,-1475.0
2022-02-01T10:45:00,428.0,5093.5,-1047.0
2022-02-02T23:00:00,411.5,5505.0,-635.5
2022-02-05T06:00:00,-44.0,5461.0,-679.5
2022-02-07T23:45:00,28.5,5489.5,-651.0
2022-02-08T15:45:00,-69.0,5420.5,-720.0
2022-02-08T23:45:00,-94.0,5326.5,-814.0
2022-02-09T04:30:00,-107.5,5219.0,-921.5
2022-02-10T10:00:00,63.5,5282.5,-858.0
2022-02-11T17:15:00,19.0,5301.5,-839.0
2022-02-12T00:00:00,-97.0,5204.5,-936.0
2022-02-14T21:45:00,685.5,5890.0,-250.5
2022-02-16T23:00:00,-119.5,5770.5,-370.0
2022-02-17T04:30:00,-106.0,5664.5,-476.0
2022-02-17T14:15:00,-53.0,5611.5,-529.0
2022-02-18T10:45:00,393.0,6004.5,-136.0
2022-02-19T04:30:00,258.0,6262.5,0.0
2022-02-21T10:15:00,-259.0,6003.5,-259.0
2022-02-22T15:45:00,559.0,6562.5,0.0
2022-02-23T05:00:00,-280.0,6282.5,-280.0
2022-02-24T23:45:00,1319.0,7601.5,0.0
2022-02-25T23:45:00,-254.0,7347.5,-254.0
2022-02-28T08:15:00,-603.0,6744.5,-857.0
2022-03-01T00:15:00,-190.5,6554.0,-1047.5
2022-03-01T02:45:00,-255.5,6298.5,-1303.0
2022-03-02T16:00:00,-123.5,6175.0,-1426.5
2022-03-03T06:30:00,61.0,6236.0,-1365.5
2022-03-04T00:15:00,-103.0,6133.0,-1468.5
2022-03-05T03:15:00,-238.5,5894.5,-1707.0
2022-03-07T14:00:00,104.0,5998.5,-1603.0
2022-03-08T00:00:00,-55.0,5943.5,-1658.0
2022-03-08T10:15:00,236.0,6179.5,-1422.0
2022-03-08T17:15:00,-100.5,6079.0,-1522.5
2022-03-10T16:45:00,-69.5,6009.5,-1592.0
2022-03-11T04:00:00,114.0,6123.5,-1478.0
2022-03-11T23:15:00,-158.5,5965.0,-1636.5
2022-03-14T14:15:00,256.5,6221.5,-1380.0
2022-03-14T20:30:00,-271.5,5950.0,-1651.5
2022-03-14T22:45:00,-162.5,5787.5,-1814.0
2022-03-15T11:45:00,161.0,5948.5,-1653.0
2022-03-16T21:45:00,1022.5,6971.0,-630.5
2022-03-17T02:00:00,13.0,6984.0,-617.5
2022-03-17T10:30:00,-25.0,6959.0,-642.5
2022-03-18T09:45:00,-79.5,6879.5,-722.0
2022-03-21T09:15:00,649.5,7529.0,-72.5
2022-03-21T23:00:00,-197.5,7331.5,-270.0
2022-03-22T23:00:00,-5.0,7326.5,-275.0
2022-03-23T16:15:00,211.0,7537.5,-64.0
2022-03-24T02:00:00,-107.0,7430.5,-171.0
2022-03-24T16:00:00,-51.0,7379.5,-222.0
2022-03-25T09:15:00,215.5,7595.0,-6.5
2022-03-25T16:30:00,-75.5,7519.5,-82.0
2022-03-25T22:30:00,-136.0,7383.5,-218.0
2022-03-29T01:00:00,-66.5,7317.0,-284.5
2022-03-29T09:15:00,49.0,7366.0,-235.5
2022-03-30T13:45:00,397.0,7763.0,0.0
2022-04-02T03:30:00,-177.5,7585.5,-177.5
2022-04-04T16:15:00,-76.5,7509.0,-254.0
2022-04-04T21:45:00,-31.5,7477.5,-285.5
2022-04-05T03:15:00,181.0,7658.5,-104.5
2022-04-05T09:00:00,-25.0,7633.5,-129.5
2022-04-06T14:30:00,211.0,7844.5,0.0
2022-04-07T02:45:00,326.5,8171.0,0.0
2022-04-08T03:00:00,-97.0,8074.0,-97.0
2022-04-11T15:00:00,547.5,8621.5,0.0
2022-04-12T02:15:00,60.5,8682.0,0.0
2022-04-12T14:45:00,112.0,8794.0,0.0
2022-04-13T09:00:00,-45.5,8748.5,-45.5
2022-04-13T20:15:00,-128.5,8620.0,-174.0
2022-04-13T23:00:00,-68.0,8552.0,-242.0
2022-04-14T16:15:00,-80.5,8471.5,-322.5
2022-04-18T15:00:00,851.0,9322.5,0.0
2022-04-19T21:00:00,-112.0,9210.5,-112.0
2022-04-20T03:15:00,107.0,9317.5,-5.0
2022-04-20T05:15:00,-302.0,9015.5,-307.0
2022-04-20T13:00:00,-132.0,8883.5,-439.0
2022-04-20T22:45:00,-38.0,8845.5,-477.0
2022-04-21T23:30:00,-20.5,8825.0,-497.5
2022-04-22T13:30:00,524.0,9349.0,0.0
2022-04-22T23:00:00,-58.0,9291.0,-58.0
2022-04-25T21:45:00,598.0,9889.0,0.0
2022-04-27T10:30:00,604.0,10493.0,0.0
2022-04-28T00:00:00,-170.5,10322.5,-170.5
2022-04-29T00:30:00,-109.5,10213.0,-280.0
2022-04-29T22:45:00,-3.5,10209.5,-283.5
2022-05-02T12:15:00,555.5,10765.0,0.0
2022-05-02T23:00:00,-119.0,10646.0,-119.0
2022-05-03T21:30:00,-99.0,10547.0,-218.0
2022-05-04T03:30:00,-279.5,10267.5,-497.5
2022-05-04T21:30:00,-51.0,10216.5,-548.5
2022-05-05T01:30:00,-190.0,10026.5,-738.5
2022-05-05T15:30:00,322.5,10349.0,-416.0
2022-05-06T12:45:00,498.0,10847.0,0.0
2022-05-06T23:30:00,19.0,10866.0,0.0
2022-05-09T12:15:00,-104.5,10761.5,-104.5
2022-05-09T21:45:00,-131.5,10630.0,-236.0
2022-05-10T11:15:00,-127.0,10503.0,-363.0
2022-05-11T02:45:00,-368.5,10134.5,-731.5
2022-05-11T22:45:00,-239.0,9895.5,-970.5
2022-05-12T09:45:00,35.0,9930.5,-935.5
2022-05-12T23:15:00,-193.5,9737.0,-1129.0
2022-05-16T13:45:00,-102.0,9635.0,-1231.0
2022-05-16T22:30:00,-116.5,9518.5,-1347.5
2022-05-17T20:15:00,-98.5,9420.0,-1446.0
2022-05-18T09:45:00,-3.0,9417.0,-1449.0
2022-05-19T11:45:00,1028.0,10445.0,-421.0
2022-05-19T20:00:00,-133.5,10311.5,-554.5
2022-05-20T01:45:00,-293.5,10018.0,-848.0
2022-05-20T16:00:00,-52.5,9965.5,-900.5
2022-05-21T04:30:00,464.5,10430.0,-436.0
2022-05-24T19:00:00,-36.5,10393.5,-472.5
2022-05-25T01:30:00,25.5,10419.0,-447.0
2022-05-25T19:00:00,-97.0,10322.0,-544.0
2022-05-25T22:45:00,-215.0,10107.0,-759.0
2022-05-26T22:30:00,-146.5,9960.5,-905.5
2022-05-27T04:30:00,428.5,10389.0,-477.0
2022-05-27T21:00:00,-132.5,10256.5,-609.5
2022-05-30T19:30:00,877.5,11134.0,0.0
2022-06-01T04:00:00,-251.5,10882.5,-251.5
2022-06-01T23:30:00,-186.5,10696.0,-438.0
2022-06-02T21:30:00,-68.5,10627.5,-506.5
2022-06-03T10:00:00,417.0,11044.5,-89.5
2022-06-07T00:30:00,79.0,11123.5,-10.5
2022-06-07T03:00:00,-223.5,10900.0,-234.0
2022-06-07T17:00:00,-70.5,10829.5,-304.5
2022-06-07T22:45:00,-137.5,10692.0,-442.0
2022-06-08T08:45:00,173.0,10865.0,-269.0
2022-06-08T15:30:00,-67.5,10797.5,-336.5
2022-06-08T21:45:00,-73.5,10724.0,-410.0
2022-06-08T23:15:00,-119.0,10605.0,-529.0
2022-06-09T13:00:00,-57.5,10547.5,-586.5
2022-06-09T21:00:00,-69.5,10478.0,-656.0
2022-06-10T12:15:00,298.5,10776.5,-357.5
2022-06-11T02:45:00,420.5,11197.0,0.0
2022-06-14T09:45:00,543.0,11740.0,0.0
2022-06-14T21:45:00,-151.0,11589.0,-151.0
2022-06-14T23:00:00,-222.5,11366.5,-373.5
2022-06-15T02:15:00,-197.0,11169.5,-570.5
2022-06-15T04:45:00,-205.5,10964.0,-776.0
2022-06-16T21:15:00,435.5,11399.5,-340.5
2022-06-17T07:00:00,16.5,11416.0,-324.0
2022-06-17T22:45:00,-271.5,11144.5,-595.5
2022-06-21T15:15:00,83.0,11227.5,-512.5
2022-06-22T03:15:00,-11.0,11216.5,-523.5
2022-06-23T04:30:00,261.5,11478.0,-262.0
2022-06-23T21:45:00,-19.0,11459.0,-281.0
2022-06-24T21:00:00,78.5,11537.5,-202.5
2022-06-27T09:15:00,249.5,11787.0,0.0
2022-06-27T14:30:00,-79.5,11707.5,-79.5
2022-06-29T15:30:00,-51.5,11656.0,-131.0
2022-06-30T21:45:00,98.5,11754.5,-32.5
2022-07-01T00:00:00,-179.0,11575.5,-211.5
2022-07-01T04:00:00,-124.5,11451.0,-336.0
2022-07-01T15:30:00,26.0,11477.0,-310.0
2022-07-05T12:00:00,96.5,11573.5,-213.5
2022-07-05T23:45:00,-52.0,11521.5,-265.5
2022-07-07T09:15:00,-105.5,11416.0,-371.0
2022-07-08T07:45:00,377.5,11793.5,0.0
2022-07-08T20:00:00,-92.0,11701.5,-92.0
2022-07-09T01:45:00,-176.0,11525.5,-268.0
2022-07-12T23:15:00,6.5,11532.0,-261.5
2022-07-13T21:45:00,-820.5,10711.5,-1082.0
2022-07-14T10:30:00,-87.5,10624.0,-1169.5
2022-07-15T00:15:00,-112.0,10512.0,-1281.5
2022-07-15T14:30:00,189.5,10701.5,-1092.0
2022-07-18T21:30:00,18.5,10720.0,-1073.5
2022-07-19T08:45:00,44.5,10764.5,-1029.0
2022-07-20T09:15:00,650.5,11415.0,-378.5
2022-07-21T02:15:00,-37.0,11378.0,-415.5
2022-07-21T16:45:00,-66.5,11311.5,-482.0
2022-07-21T21:30:00,-13.5,11298.0,-495.5
2022-07-21T22:30:00,-141.5,11156.5,-637.0
2022-07-22T07:15:00,-70.0,11086.5,-707.0
2022-07-22T23:15:00,-12.5,11074.0,-719.5
2022-07-25T21:45:00,-82.5,10991.5,-802.0
2022-07-28T09:15:00,390.0,11381.5,-412.0
2022-07-29T17:45:00,432.0,11813.5,0.0
2022-08-01T07:15:00,-37.5,11776.0,-37.5
2022-08-01T21:30:00,-54.0,11722.0,-91.5
2022-08-02T02:30:00,-103.0,11619.0,-194.5
2022-08-03T05:15:00,-120.0,11499.0,-314.5
2022-08-04T07:15:00,561.0,12060.0,0.0
2022-08-04T22:45:00,76.5,12136.5,0.0
2022-08-05T16:00:00,-10.0,12126.5,-10.0
2022-08-08T22:15:00,-109.5,12017.0,-119.5
2022-08-09T00:00:00,-96.0,11921.0,-215.5
2022-08-10T22:45:00,-55.0,11866.0,-270.5
2022-08-11T17:30:00,34.0,11900.0,-236.5
2022-08-11T23:45:00,-103.5,11796.5,-340.0
2022-08-12T22:45:00,29.5,11826.0,-310.5
2022-08-15T09:00:00,144.0,11970.0,-166.5
2022-08-15T23:15:00,-101.0,11869.0,-267.5
2022-08-16T09:30:00,47.5,11916.5,-220.0
2022-08-17T03:45:00,-154.0,11762.5,-374.0
2022-08-18T04:30:00,-118.0,11644.5,-492.0
2022-08-18T22:45:00,27.5,11672.0,-464.5
2022-08-22T12:00:00,143.5,11815.5,-321.0
2022-08-23T07:45:00,220.0,12035.5,-101.0
2022-08-23T17:15:00,-77.0,11958.5,-178.0
2022-08-24T14:00:00,-77.5,11881.0,-255.5
2022-08-26T16:30:00,-24.5,11856.5,-280.0
2022-08-29T11:30:00,1046.0,12902.5,0.0
2022-08-31T04:15:00,275.0,13177.5,0.0
2022-08-31T19:30:00,-125.5,13052.0,-125.5
2022-09-01T16:15:00,286.5,13338.5,0.0
2022-09-02T02:30:00,-4.5,13334.0,-4.5
2022-09-02T23:15:00,60.5,13394.5,0.0
2022-09-05T09:15:00,179.5,13574.0,0.0
2022-09-07T14:00:00,291.0,13865.0,0.0
2022-09-08T23:00:00,-131.0,13734.0,-131.0
2022-09-09T01:15:00,-274.0,13460.0,-405.0
2022-09-09T15:15:00,-1.0,13459.0,-406.0
2022-09-09T21:15:00,-71.0,13388.0,-477.0
2022-09-12T11:45:00,165.5,13553.5,-311.5
2022-09-12T19:15:00,-82.0,13471.5,-393.5
2022-09-13T00:15:00,-80.0,13391.5,-473.5
2022-09-13T10:45:00,129.0,13520.5,-344.5
2022-09-13T21:45:00,-744.0,12776.5,-1088.5
2022-09-14T11:15:00,-95.0,12681.5,-1183.5
2022-09-15T03:00:00,-167.5,12514.0,-1351.0
2022-09-15T14:45:00,-109.5,12404.5,-1460.5
2022-09-15T20:30:00,-100.5,12304.0,-1561.0
2022-09-15T23:00:00,-145.5,12158.5,-1706.5
2022-09-16T02:15:00,-225.5,11933.0,-1932.0
2022-09-16T20:00:00,123.0,12056.0,-1809.0
2022-09-16T23:15:00,-60.5,11995.5,-1869.5
2022-09-19T21:45:00,-72.5,11923.0,-1942.0
2022-09-20T10:30:00,288.0,12211.0,-1654.0
2022-09-21T00:00:00,18.5,12229.5,-1635.5
2022-09-21T04:45:00,-148.0,12081.5,-1783.5
2022-09-22T03:15:00,-468.5,11613.0,-2252.0
2022-09-22T14:45:00,233.0,11846.0,-2019.0
2022-09-23T04:15:00,-215.0,11631.0,-2234.0
2022-09-23T14:15:00,-66.0,11565.0,-2300.0
2022-09-23T22:15:00,-2.5,11562.5,-2302.5
2022-09-24T00:30:00,-48.0,11514.5,-2350.5
2022-09-24T04:45:00,-88.5,11426.0,-2439.0
2022-09-26T16:15:00,-142.5,11283.5,-2581.5
2022-09-28T09:15:00,-13.5,11270.0,-2595.0
2022-09-28T13:45:00,-61.5,11208.5,-2656.5
2022-09-30T05:00:00,523.0,11731.5,-2133.5
2022-10-03T15:00:00,262.5,11994.0,-1871.0
2022-10-05T02:00:00,370.0,12364.0,-1501.0
2022-10-06T15:30:00,161.5,12525.5,-1339.5
2022-10-07T21:45:00,-354.0,12171.5,-1693.5
2022-10-10T14:30:00,227.0,12398.5,-1466.5
2022-10-10T22:45:00,-164.0,12234.5,-1630.5
2022-10-11T03:00:00,-227.0,12007.5,-1857.5
2022-10-11T21:15:00,-67.5,11940.0,-1925.0
2022-10-11T23:45:00,-112.0,11828.0,-2037.0
2022-10-13T23:00:00,-165.5,11662.5,-2202.5
2022-10-14T19:15:00,-95.5,11567.0,-2298.0
2022-10-17T14:15:00,195.0,11762.0,-2103.0
2022-10-18T11:15:00,556.0,12318.0,-1547.0
2022-10-18T16:15:00,-27.5,12290.5,-1574.5
2022-10-18T23:00:00,-122.5,12168.0,-1697.0
2022-10-19T12:15:00,-117.5,12050.5,-1814.5
2022-10-20T22:00:00,-150.5,11900.0,-1965.0
2022-10-21T01:45:00,-183.5,11716.5,-2148.5
2022-10-21T22:15:00,-124.0,11592.5,-2272.5
2022-10-22T00:15:00,-145.5,11447.0,-2418.0
2022-10-24T10:30:00,252.5,11699.5,-2165.5
2022-10-25T10:30:00,-22.5,11677.0,-2188.0
2022-10-26T05:15:00,155.5,11832.5,-2032.5
2022-10-27T02:15:00,-90.5,11742.0,-2123.0
2022-10-28T05:45:00,-125.0,11617.0,-2248.0
2022-10-28T23:15:00,-109.5,11507.5,-2357.5
2022-10-31T09:30:00,327.0,11834.5,-2030.5
2022-11-01T23:00:00,8.0,11842.5,-2022.5
2022-11-02T09:45:00,37.0,11879.5,-1985.5
2022-11-03T03:15:00,-94.0,11785.5,-2079.5
2022-11-03T10:00:00,432.5,12218.0,-1647.0
2022-11-04T00:00:00,-3.0,12215.0,-1650.0
2022-11-04T11:15:00,-93.5,12121.5,-1743.5
2022-11-08T12:00:00,40.0,12161.5,-1703.5
2022-11-08T18:30:00,-93.5,12068.0,-1797.0
2022-11-09T05:00:00,-154.5,11913.5,-1951.5
2022-11-09T20:15:00,-99.0,11814.5,-2050.5
2022-11-10T09:30:00,106.5,11921.0,-1944.0
2022-11-11T10:45:00,751.5,12672.5,-1192.5
2022-11-11T19:45:00,20.5,12693.0,-1172.0
2022-11-14T08:15:00,-3.5,12689.5,-1175.5
2022-11-15T05:45:00,-74.5,12615.0,-1250.0
2022-11-16T03:30:00,-56.5,12558.5,-1306.5
2022-11-18T23:45:00,8.0,12566.5,-1298.5
2022-11-19T05:15:00,-103.5,12463.0,-1402.0
2022-11-21T22:15:00,-24.0,12439.0,-1426.0
2022-11-22T03:45:00,-131.5,12307.5,-1557.5
2022-11-22T23:45:00,-173.0,12134.5,-1730.5
2022-11-23T10:15:00,157.5,12292.0,-1573.0
2022-11-23T20:00:00,-32.5,12259.5,-1605.5
2022-11-24T02:00:00,-96.5,12163.0,-1702.0
2022-11-24T22:15:00,-27.5,12135.5,-1729.5
2022-11-28T17:15:00,-51.5,12084.0,-1781.0
2022-11-28T20:15:00,-63.0,12021.0,-1844.0
2022-11-29T00:15:00,-49.5,11971.5,-1893.5
2022-11-29T11:00:00,46.5,12018.0,-1847.0
2022-11-29T18:45:00,-25.5,11992.5,-1872.5
2022-11-30T10:15:00,-87.5,11905.0,-1960.0
2022-11-30T18:45:00,-54.5,11850.5,-2014.5
2022-11-30T23:45:00,-110.5,11740.0,-2125.0
2022-12-01T10:45:00,737.5,12477.5,-1387.5
2022-12-01T23:00:00,-67.0,12410.5,-1454.5
2022-12-02T21:15:00,-41.0,12369.5,-1495.5
2022-12-06T22:15:00,-95.0,12274.5,-1590.5
2022-12-07T09:15:00,94.0,12368.5,-1496.5
2022-12-07T23:45:00,-58.5,12310.0,-1555.0
2022-12-08T12:30:00,-67.0,12243.0,-1622.0
2022-12-09T00:00:00,-224.0,12019.0,-1846.0
2022-12-09T23:00:00,-94.5,11924.5,-1940.5
2022-12-12T12:45:00,-28.0,11896.5,-1968.5
2022-12-14T02:00:00,242.5,12139.0,-1726.0
2022-12-14T15:30:00,-50.0,12089.0,-1776.0
2022-12-15T04:00:00,-67.5,12021.5,-1843.5
2022-12-16T11:30:00,-50.0,11971.5,-1893.5
2022-12-16T20:15:00,-68.0,11903.5,-1961.5
2022-12-17T05:30:00,-126.5,11777.0,-2088.0
2022-12-20T08:30:00,282.5,12059.5,-1805.5
2022-12-20T16:00:00,48.5,12108.0,-1757.0
2022-12-21T22:00:00,-75.5,12032.5,-1832.5
2022-12-22T18:45:00,-29.0,12003.5,-1861.5
2022-12-23T05:00:00,702.5,12706.0,-1159.0
2022-12-23T22:45:00,-203.0,12503.0,-1362.0
2022-12-28T10:45:00,423.0,12926.0,-939.0
2022-12-28T19:15:00,-40.0,12886.0,-979.0
2022-12-29T00:30:00,-118.0,12768.0,-1097.0
2022-12-29T10:15:00,52.5,12820.5,-1044.5
2022-12-30T12:15:00,-36.0,12784.5,-1080.5
2022-12-30T19:00:00,-85.0,12699.5,-1165.5
2022-12-31T06:00:00,-162.0,12537.5,-1327.5
2023-01-03T20:45:00,-109.0,12428.5,-1436.5
2023-01-04T05:00:00,37.0,12465.5,-1399.5
2023-01-05T01:45:00,-179.0,12286.5,-1578.5
2023-01-05T22:30:00,-97.0,12189.5,-1675.5
2023-01-06T00:15:00,-90.0,12099.5,-1765.5
2023-01-06T22:45:00,-231.0,11868.5,-1996.5
2023-01-09T16:45:00,299.0,12167.5,-1697.5
2023-01-09T20:30:00,-68.0,12099.5,-1765.5
2023-01-10T03:45:00,201.0,12300.5,-1564.5
2023-01-11T00:45:00,-251.0,12049.5,-1815.5
2023-01-11T12:15:00,-26.5,12023.0,-1842.0
2023-01-11T21:30:00,-47.5,11975.5,-1889.5
2023-01-12T11:45:00,222.0,12197.5,-1667.5
2023-01-12T16:00:00,-36.5,12161.0,-1704.0
2023-01-12T22:30:00,-286.5,11874.5,-1990.5
2023-01-13T20:15:00,-41.5,11833.0,-2032.0
2023-01-16T15:00:00,89.5,11922.5,-1942.5
2023-01-17T01:45:00,-53.0,11869.5,-1995.5
2023-01-17T22:00:00,-54.5,11815.0,-2050.0
2023-01-17T23:45:00,-38.5,11776.5,-2088.5
2023-01-18T00:45:00,-122.0,11654.5,-2210.5
2023-01-18T12:00:00,-45.0,11609.5,-2255.5
2023-01-19T00:45:00,-75.5,11534.0,-2331.0
2023-01-19T23:30:00,-18.5,11515.5,-2349.5
2023-01-20T03:45:00,-133.0,11382.5,-2482.5
2023-01-20T18:30:00,-40.5,11342.0,-2523.0
2023-01-20T23:45:00,8.0,11350.0,-2515.0
2023-01-24T04:45:00,836.0,12186.0,-1679.0
2023-01-24T15:15:00,-30.0,12156.0,-1709.0
2023-01-25T08:30:00,-251.5,11904.5,-1960.5
2023-01-26T01:15:00,-159.0,11745.5,-2119.5
2023-01-27T01:00:00,262.5,12008.0,-1857.0
2023-01-27T08:45:00,-78.0,11930.0,-1935.0
2023-01-27T22:00:00,-33.0,11897.0,-1968.0
2023-01-30T14:15:00,142.0,12039.0,-1826.0
2023-01-31T22:00:00,-80.0,11959.0,-1906.0
2023-02-01T10:00:00,203.0,12162.0,-1703.0
2023-02-01T23:45:00,-72.5,12089.5,-1775.5
2023-02-02T04:45:00,263.5,12353.0,-1512.0
2023-02-02T11:45:00,336.0,12689.0,-1176.0
2023-02-02T18:30:00,-61.0,12628.0,-1237.0
2023-02-03T04:45:00,316.5,12944.5,-920.5
2023-02-03T22:45:00,-107.0,12837.5,-1027.5
2023-02-04T03:00:00,-97.0,12740.5,-1124.5
2023-02-07T20:00:00,-67.0,12673.5,-1191.5
2023-02-08T03:45:00,-172.5,12501.0,-1364.0
2023-02-09T22:00:00,-35.0,12466.0,-1399.0
2023-02-09T23:45:00,-166.5,12299.5,-1565.5
2023-02-10T15:00:00,114.5,12414.0,-1451.0
2023-02-10T22:30:00,7.0,12421.0,-1444.0
2023-02-11T03:30:00,-171.0,12250.0,-1615.0
2023-02-14T22:45:00,-107.0,12143.0,-1722.0
2023-02-15T22:15:00,-89.5,12053.5,-1811.5
2023-02-16T14:45:00,280.0,12333.5,-1531.5
2023-02-17T00:30:00,-111.0,12222.5,-1642.5
2023-02-17T16:45:00,111.5,12334.0,-1531.0
2023-02-18T00:30:00,-47.0,12287.0,-1578.0
2023-02-18T04:45:00,-111.0,12176.0,-1689.0
2023-02-21T11:45:00,-30.0,12146.0,-1719.0
2023-02-21T18:30:00,-44.5,12101.5,-1763.5
2023-02-22T10:30:00,125.0,12226.5,-1638.5
2023-02-23T01:15:00,-54.5,12172.0,-1693.0
2023-02-24T04:00:00,-5.0,12167.0,-1698.0
2023-02-25T05:00:00,240.0,12407.0,-1458.0
2023-03-01T11:00:00,-15.5,12391.5,-1473.5
2023-03-01T22:15:00,-72.5,12319.0,-1546.0
2023-03-02T20:15:00,296.0,12615.0,-1250.0
2023-03-06T21:00:00,425.5,13040.5,-824.5
2023-03-07T03:00:00,48.0,13088.5,-776.5
2023-03-08T21:30:00,-48.0,13040.5,-824.5
2023-03-09T02:45:00,-80.0,12960.5,-904.5
2023-03-10T03:00:00,27.5,12988.0,-877.0
2023-03-10T22:45:00,155.0,13143.0,-722.0
2023-03-11T01:00:00,-220.5,12922.5,-942.5
2023-03-13T07:30:00,-276.5,12646.0,-1219.0
2023-03-13T20:00:00,-78.0,12568.0,-1297.0
2023-03-13T23:00:00,-202.0,12366.0,-1499.0
2023-03-14T14:30:00,-18.0,12348.0,-1517.0
2023-03-14T21:45:00,41.0,12389.0,-1476.0
2023-03-15T02:15:00,20.0,12409.0,-1456.0
2023-03-15T14:30:00,-50.0,12359.0,-1506.0
2023-03-15T21:45:00,5.0,12364.0,-1501.0
2023-03-16T12:45:00,137.5,12501.5,-1363.5
2023-03-17T18:00:00,415.0,12916.5,-948.5
2023-03-21T01:15:00,-207.0,12709.5,-1155.5
2023-03-21T10:30:00,-69.0,12640.5,-1224.5
2023-03-21T23:30:00,-41.5,12599.0,-1266.0
2023-03-22T15:00:00,55.0,12654.0,-1211.0
2023-03-23T04:15:00,15.0,12669.0,-1196.0
2023-03-24T03:00:00,232.5,12901.5,-963.5
2023-03-27T16:15:00,108.5,13010.0,-855.0
2023-03-29T04:15:00,-116.0,12894.0,-971.0
2023-03-29T23:45:00,-64.5,12829.5,-1035.5
2023-03-30T08:45:00,16.0,12845.5,-1019.5
2023-03-31T02:45:00,30.0,12875.5,-989.5
2023-03-31T14:30:00,-16.5,12859.0,-1006.0
2023-04-03T09:15:00,158.5,13017.5,-847.5
2023-04-04T09:15:00,-50.5,12967.0,-898.0
2023-04-04T21:45:00,74.5,13041.5,-823.5
2023-04-07T21:00:00,69.5,13111.0,-754.0
2023-04-10T20:30:00,-96.5,13014.5,-850.5
2023-04-11T00:45:00,27.0,13041.5,-823.5
2023-04-11T15:15:00,-43.0,12998.5,-866.5
2023-04-11T20:15:00,-105.5,12893.0,-972.0
2023-04-12T02:45:00,52.5,12945.5,-919.5
2023-04-12T22:30:00,-80.5,12865.0,-1000.0
2023-04-13T02:15:00,-190.5,12674.5,-1190.5
2023-04-13T11:15:00,0.5,12675.0,-1190.0
2023-04-14T07:00:00,249.0,12924.0,-941.0
2023-04-14T22:45:00,-183.5,12740.5,-1124.5
2023-04-14T23:15:00,-87.5,12653.0,-1212.0
2023-04-15T03:30:00,-153.0,12500.0,-1365.0
2023-04-18T03:45:00,-65.0,12435.0,-1430.0
2023-04-18T23:00:00,-14.0,12421.0,-1444.0
2023-04-19T22:45:00,-70.5,12350.5,-1514.5
2023-04-20T05:00:00,73.5,12424.0,-1441.0
2023-04-21T00:15:00,-64.5,12359.5,-1505.5
2023-04-21T03:30:00,-131.5,12228.0,-1637.0
2023-04-21T22:15:00,-61.0,12167.0,-1698.0
2023-04-21T23:30:00,-133.0,12034.0,-1831.0
2023-04-24T09:15:00,-85.0,11949.0,-1916.0
2023-04-24T18:15:00,-29.5,11919.5,-1945.5
2023-04-24T23:45:00,-118.0,11801.5,-2063.5
2023-04-25T03:00:00,-75.5,11726.0,-2139.0
2023-04-25T15:45:00,-22.5,11703.5,-2161.5
2023-04-26T05:15:00,65.0,11768.5,-2096.5
2023-04-26T23:00:00,-60.0,11708.5,-2156.5
2023-04-27T02:45:00,-130.5,11578.0,-2287.0
2023-04-27T19:15:00,11.0,11589.0,-2276.0
2023-04-27T21:45:00,-66.5,11522.5,-2342.5
2023-04-28T07:30:00,237.5,11760.0,-2105.0
2023-04-29T00:00:00,-112.5,11647.5,-2217.5
2023-05-01T09:30:00,-39.0,11608.5,-2256.5
2023-05-02T03:45:00,-63.0,11545.5,-2319.5
2023-05-02T21:30:00,-45.5,11500.0,-2365.0
2023-05-03T22:45:00,6.5,11506.5,-2358.5
2023-05-03T23:15:00,-53.5,11453.0,-2412.0
2023-05-04T15:30:00,-43.0,11410.0,-2455.0
2023-05-05T21:45:00,22.5,11432.5,-2432.5
2023-05-08T09:00:00,277.5,11710.0,-2155.0
2023-05-09T00:15:00,-50.5,11659.5,-2205.5
2023-05-09T15:15:00,6.5,11666.0,-2199.0
2023-05-09T23:00:00,-60.0,11606.0,-2259.0
2023-05-10T22:45:00,-41.5,11564.5,-2300.5
2023-05-10T23:45:00,-167.0,11397.5,-2467.5
2023-05-12T15:15:00,-8.0,11389.5,-2475.5
2023-05-15T19:15:00,25.0,11414.5,-2450.5
2023-05-16T14:15:00,1.5,11416.0,-2449.0
2023-05-16T23:15:00,-83.0,11333.0,-2532.0
2023-05-17T05:00:00,-74.5,11258.5,-2606.5
2023-05-17T23:00:00,-91.5,11167.0,-2698.0
2023-05-18T09:45:00,100.0,11267.0,-2598.0
2023-05-19T03:00:00,134.0,11401.0,-2464.0
2023-05-19T10:30:00,106.5,11507.5,-2357.5
2023-05-22T18:45:00,-35.0,11472.5,-2392.5
2023-05-22T23:15:00,-12.0,11460.5,-2404.5
2023-05-23T12:45:00,-15.5,11445.0,-2420.0
2023-05-26T04:00:00,355.5,11800.5,-2064.5
2023-05-26T21:45:00,-43.0,11757.5,-2107.5
2023-05-29T10:45:00,620.0,12377.5,-1487.5
2023-05-30T23:00:00,-106.0,12271.5,-1593.5
2023-06-01T21:00:00,-49.5,12222.0,-1643.0
2023-06-02T21:45:00,310.0,12532.0,-1333.0
2023-06-02T23:00:00,-246.0,12286.0,-1579.0
2023-06-05T23:00:00,-84.5,12201.5,-1663.5
2023-06-06T02:45:00,-61.5,12140.0,-1725.0
2023-06-07T01:45:00,-98.5,12041.5,-1823.5
2023-06-07T23:30:00,-104.5,11937.0,-1928.0
2023-06-08T16:45:00,57.5,11994.5,-1870.5
2023-06-08T20:45:00,-32.0,11962.5,-1902.5
2023-06-09T02:45:00,106.0,12068.5,-1796.5
2023-06-09T19:45:00,-45.5,12023.0,-1842.0
2023-06-10T01:00:00,-14.0,12009.0,-1856.0
2023-06-12T19:00:00,-46.5,11962.5,-1902.5
2023-06-13T10:15:00,653.5,12616.0,-1249.0
2023-06-13T18:45:00,-13.0,12603.0,-1262.0
2023-06-13T23:00:00,-149.5,12453.5,-1411.5
2023-06-15T02:30:00,-85.5,12368.0,-1497.0
2023-06-15T09:15:00,-56.5,12311.5,-1553.5
2023-06-16T09:15:00,285.0,12596.5,-1268.5
2023-06-16T22:45:00,-115.5,12481.0,-1384.0
2023-06-20T22:30:00,-81.0,12400.0,-1465.0
2023-06-20T23:00:00,-101.0,12299.0,-1566.0
2023-06-22T03:00:00,-70.0,12229.0,-1636.0
2023-06-22T12:45:00,-38.0,12191.0,-1674.0
2023-06-22T17:00:00,-17.0,12174.0,-1691.0
2023-06-23T09:15:00,337.5,12511.5,-1353.5
2023-06-23T20:15:00,-73.5,12438.0,-1427.0
2023-06-24T01:30:00,-119.5,12318.5,-1546.5
2023-06-26T23:45:00,-164.5,12154.0,-1711.0
2023-06-27T14:30:00,77.0,12231.0,-1634.0
2023-06-27T23:15:00,-55.5,12175.5,-1689.5
2023-06-28T07:15:00,180.5,12356.0,-1509.0
2023-06-28T21:00:00,-69.0,12287.0,-1578.0
2023-06-29T01:45:00,-108.5,12178.5,-1686.5
2023-06-29T21:45:00,-14.0,12164.5,-1700.5
2023-07-01T05:15:00,314.5,12479.0,-1386.0
2023-07-04T23:30:00,-25.0,12454.0,-1411.0
2023-07-06T01:00:00,-58.0,12396.0,-1469.0
2023-07-08T04:15:00,-75.0,12321.0,-1544.0
2023-07-10T17:00:00,-48.5,12272.5,-1592.5
2023-07-10T23:00:00,-77.0,12195.5,-1669.5
2023-07-11T02:00:00,-160.5,12035.0,-1830.0
2023-07-11T17:15:00,-10.5,12024.5,-1840.5
2023-07-11T23:45:00,-76.0,11948.5,-1916.5
2023-07-12T16:15:00,23.5,11972.0,-1893.0
2023-07-13T00:45:00,151.5,12123.5,-1741.5
2023-07-14T09:30:00,399.5,12523.0,-1342.0
2023-07-15T02:15:00,-36.0,12487.0,-1378.0
2023-07-18T07:45:00,183.5,12670.5,-1194.5
2023-07-19T07:00:00,139.5,12810.0,-1055.0
2023-07-19T22:45:00,20.5,12830.5,-1034.5
2023-07-22T00:00:00,-61.0,12769.5,-1095.5
2023-07-24T16:15:00,-54.5,12715.0,-1150.0
2023-07-24T23:00:00,-193.5,12521.5,-1343.5
2023-07-25T23:30:00,-67.0,12454.5,-1410.5
2023-07-26T05:00:00,-30.0,12424.5,-1440.5
2023-07-27T03:45:00,-87.0,12337.5,-1527.5
2023-07-28T09:15:00,273.5,12611.0,-1254.0
2023-07-29T02:45:00,166.5,12777.5,-1087.5
2023-07-31T10:00:00,-106.0,12671.5,-1193.5
2023-07-31T23:00:00,-90.5,12581.0,-1284.0
2023-08-01T12:45:00,-31.0,12550.0,-1315.0
2023-08-03T08:00:00,82.5,12632.5,-1232.5
2023-08-03T23:00:00,21.5,12654.0,-1211.0
2023-08-04T04:15:00,-154.0,12500.0,-1365.0
2023-08-04T22:00:00,-65.0,12435.0,-1430.0
2023-08-05T03:15:00,-226.0,12209.0,-1656.0
2023-08-07T09:00:00,-55.0,12154.0,-1711.0
2023-08-07T22:00:00,-80.5,12073.5,-1791.5
2023-08-07T23:00:00,6.5,12080.0,-1785.0
2023-08-09T03:15:00,130.5,12210.5,-1654.5
2023-08-09T21:00:00,-64.0,12146.5,-1718.5
2023-08-10T02:45:00,204.0,12350.5,-1514.5
2023-08-10T23:45:00,-141.0,12209.5,-1655.5
2023-08-11T08:45:00,-2.0,12207.5,-1657.5
2023-08-11T15:00:00,-50.5,12157.0,-1708.0
2023-08-11T23:30:00,-40.5,12116.5,-1748.5
2023-08-14T14:45:00,-39.0,12077.5,-1787.5
2023-08-15T22:15:00,-99.0,11978.5,-1886.5
2023-08-16T01:00:00,-120.5,11858.0,-2007.0
2023-08-16T16:45:00,-110.5,11747.5,-2117.5
2023-08-16T23:00:00,-32.0,11715.5,-2149.5
2023-08-17T12:45:00,198.0,11913.5,-1951.5
2023-08-17T22:45:00,-80.0,11833.5,-2031.5
2023-08-18T01:30:00,-77.0,11756.5,-2108.5
2023-08-18T09:15:00,131.5,11888.0,-1977.0
2023-08-19T01:00:00,-50.5,11837.5,-2027.5
2023-08-22T09:00:00,43.5,11881.0,-1984.0
2023-08-23T04:15:00,-120.5,11760.5,-2104.5
2023-08-23T21:30:00,-7.0,11753.5,-2111.5
2023-08-24T18:45:00,511.5,12265.0,-1600.0
2023-08-25T15:00:00,74.0,12339.0,-1526.0
2023-08-25T23:45:00,-131.0,12208.0,-1657.0
2023-08-28T23:00:00,22.0,12230.0,-1635.0
2023-08-29T17:00:00,-77.0,12153.0,-1712.0
2023-08-30T13:45:00,578.0,12731.0,-1134.0
2023-08-30T23:30:00,-116.5,12614.5,-1250.5
2023-08-31T09:00:00,-13.0,12601.5,-1263.5
2023-08-31T22:15:00,-66.0,12535.5,-1329.5
2023-09-01T01:30:00,-64.5,12471.0,-1394.0
2023-09-01T22:45:00,-38.5,12432.5,-1432.5
2023-09-04T23:45:00,3.0,12435.5,-1429.5
2023-09-06T05:45:00,-103.0,12332.5,-1532.5
2023-09-07T05:00:00,-46.0,12286.5,-1578.5
2023-09-08T03:00:00,154.5,12441.0,-1424.0
2023-09-08T21:45:00,-66.5,12374.5,-1490.5
2023-09-11T22:45:00,47.0,12421.5,-1443.5
2023-09-12T00:00:00,-20.5,12401.0,-1464.0
2023-09-12T16:15:00,354.5,12755.5,-1109.5
2023-09-13T14:00:00,-52.0,12703.5,-1161.5
2023-09-13T21:00:00,-79.5,12624.0,-1241.0
2023-09-13T23:15:00,-156.0,12468.0,-1397.0
2023-09-14T04:15:00,-133.5,12334.5,-1530.5
2023-09-14T16:15:00,-33.5,12301.0,-1564.0
2023-09-15T15:15:00,93.5,12394.5,-1470.5
2023-09-19T04:00:00,-106.0,12288.5,-1576.5
2023-09-19T16:30:00,-50.0,12238.5,-1626.5
2023-09-19T21:15:00,-36.0,12202.5,-1662.5
2023-09-20T02:15:00,81.5,12284.0,-1581.0
2023-09-20T14:45:00,-24.5,12259.5,-1605.5
2023-09-20T22:45:00,29.5,12289.0,-1576.0
2023-09-21T01:45:00,-80.5,12208.5,-1656.5
2023-09-21T03:45:00,-91.5,12117.0,-1748.0
2023-09-21T15:45:00,294.5,12411.5,-1453.5
2023-09-22T10:45:00,342.0,12753.5,-1111.5
2023-09-23T04:15:00,-143.0,12610.5,-1254.5
2023-09-27T09:00:00,62.0,12672.5,-1192.5
2023-09-27T23:30:00,-106.0,12566.5,-1298.5
2023-09-28T03:45:00,-104.5,12462.0,-1403.0
2023-09-28T19:00:00,-79.0,12383.0,-1482.0
2023-09-28T23:00:00,-151.5,12231.5,-1633.5
2023-09-30T00:30:00,-108.5,12123.0,-1742.0
2023-09-30T05:00:00,-48.5,12074.5,-1790.5
2023-10-02T22:45:00,-156.5,11918.0,-1947.0
2023-10-03T01:00:00,-240.0,11678.0,-2187.0
2023-10-04T17:30:00,205.5,11883.5,-1981.5
2023-10-05T09:15:00,394.0,12277.5,-1587.5
2023-10-05T21:45:00,-147.0,12130.5,-1734.5
2023-10-06T16:15:00,-41.0,12089.5,-1775.5
2023-10-06T21:45:00,-376.5,11713.0,-2152.0
2023-10-09T07:15:00,-20.0,11693.0,-2172.0
2023-10-09T23:15:00,-45.0,11648.0,-2217.0
2023-10-10T15:15:00,179.0,11827.0,-2038.0
2023-10-11T02:15:00,57.0,11884.0,-1981.0
2023-10-11T21:45:00,-4.5,11879.5,-1985.5
2023-10-12T16:30:00,10.5,11890.0,-1975.0
2023-10-13T00:00:00,-38.5,11851.5,-2013.5
2023-10-13T23:15:00,-111.5,11740.0,-2125.0
2023-10-17T17:45:00,107.5,11847.5,-2017.5
2023-10-17T23:45:00,-85.0,11762.5,-2102.5
2023-10-18T03:00:00,-172.5,11590.0,-2275.0
2023-10-18T22:45:00,47.5,11637.5,-2227.5
2023-10-19T01:15:00,-91.0,11546.5,-2318.5
2023-10-19T02:30:00,-115.0,11431.5,-2433.5
2023-10-19T19:00:00,38.0,11469.5,-2395.5
2023-10-20T02:00:00,-194.5,11275.0,-2590.0
2023-10-20T17:15:00,98.0,11373.0,-2492.0
2023-10-23T09:00:00,148.0,11521.0,-2344.0
2023-10-23T23:00:00,-83.5,11437.5,-2427.5
2023-10-25T03:45:00,-170.0,11267.5,-2597.5
2023-10-25T20:15:00,-20.0,11247.5,-2617.5
2023-10-26T00:15:00,-72.5,11175.0,-2690.0
2023-10-26T17:15:00,497.0,11672.0,-2193.0
2023-10-27T04:00:00,-120.0,11552.0,-2313.0
2023-10-28T02:00:00,-142.0,11410.0,-2455.0
2023-10-30T07:15:00,-139.0,11271.0,-2594.0
2023-10-30T23:30:00,-188.5,11082.5,-2782.5
2023-10-31T00:00:00,-62.0,11020.5,-2844.5
2023-10-31T12:45:00,-13.0,11007.5,-2857.5
2023-11-02T15:15:00,30.5,11038.0,-2827.0
2023-11-03T05:30:00,235.0,11273.0,-2592.0
2023-11-03T21:30:00,-18.5,11254.5,-2610.5
2023-11-03T22:15:00,-46.0,11208.5,-2656.5
2023-11-06T09:15:00,150.5,11359.0,-2506.0
2023-11-06T21:30:00,-28.5,11330.5,-2534.5
2023-11-08T12:45:00,249.5,11580.0,-2285.0
2023-11-09T00:15:00,-41.5,11538.5,-2326.5
2023-11-09T20:30:00,-61.0,11477.5,-2387.5
2023-11-09T23:45:00,-48.0,11429.5,-2435.5
2023-11-10T00:15:00,-82.5,11347.0,-2518.0
2023-11-10T02:30:00,-97.5,11249.5,-2615.5
2023-11-13T09:00:00,568.0,11817.5,-2047.5
2023-11-13T22:45:00,-38.0,11779.5,-2085.5
2023-11-14T19:45:00,-29.0,11750.5,-2114.5
2023-11-15T16:15:00,246.0,11996.5,-1868.5
2023-11-15T18:30:00,-40.5,11956.0,-1909.0
2023-11-15T22:45:00,-52.0,11904.0,-1961.0
2023-11-16T23:30:00,-61.0,11843.0,-2022.0
2023-11-17T00:30:00,-27.0,11816.0,-2049.0
2023-11-17T18:30:00,-40.0,11776.0,-2089.0
2023-11-18T05:45:00,-100.5,11675.5,-2189.5
2023-11-20T21:45:00,25.5,11701.0,-2164.0
2023-11-21T15:15:00,267.0,11968.0,-1897.0
2023-11-23T04:45:00,110.5,12078.5,-1786.5
2023-11-27T23:15:00,-57.5,12021.0,-1844.0
2023-11-28T04:45:00,-87.0,11934.0,-1931.0
2023-11-29T01:00:00,-60.5,11873.5,-1991.5
2023-11-29T03:00:00,-89.5,11784.0,-2081.0
2023-11-30T00:15:00,7.0,11791.0,-2074.0
2023-11-30T17:45:00,-39.0,11752.0,-2113.0
2023-11-30T23:00:00,-53.5,11698.5,-2166.5
2023-12-01T04:45:00,139.0,11837.5,-2027.5
2023-12-01T20:00:00,-42.5,11795.0,-2070.0
2023-12-02T01:15:00,-66.5,11728.5,-2136.5
2023-12-04T08:15:00,-63.0,11665.5,-2199.5
2023-12-04T17:45:00,-38.5,11627.0,-2238.0
2023-12-04T22:00:00,-53.0,11574.0,-2291.0
2023-12-05T06:00:00,70.0,11644.0,-2221.0
2023-12-05T22:30:00,30.0,11674.0,-2191.0
2023-12-06T16:00:00,257.0,11931.0,-1934.0
2023-12-06T22:45:00,-86.5,11844.5,-2020.5
2023-12-06T23:45:00,-129.5,11715.0,-2150.0
2023-12-07T17:00:00,164.5,11879.5,-1985.5
2023-12-08T06:30:00,344.0,12223.5,-1641.5
2023-12-08T20:30:00,-27.5,12196.0,-1669.0
2023-12-09T01:45:00,-118.0,12078.0,-1787.0
2023-12-11T09:45:00,-79.5,11998.5,-1866.5
2023-12-11T20:30:00,-47.5,11951.0,-1914.0
2023-12-12T23:00:00,219.0,12170.0,-1695.0
2023-12-13T15:30:00,428.5,12598.5,-1266.5
2023-12-14T12:45:00,350.5,12949.0,-916.0
2023-12-15T22:45:00,-10.5,12938.5,-926.5
2023-12-16T03:00:00,-70.5,12868.0,-997.0
2023-12-19T06:15:00,117.5,12985.5,-879.5
2023-12-20T14:45:00,147.5,13133.0,-732.0
2023-12-21T02:45:00,-4.0,13129.0,-736.0
2023-12-22T02:15:00,-1.5,13127.5,-737.5
2023-12-23T04:30:00,-17.0,13110.5,-754.5
2023-12-26T18:15:00,-8.0,13102.5,-762.5
2023-12-27T10:15:00,77.0,13179.5,-685.5
2023-12-28T00:15:00,-80.5,13099.0,-766.0
2023-12-28T23:00:00,17.0,13116.0,-749.0
2024-01-03T15:30:00,301.5,13417.5,-447.5
2024-01-04T16:00:00,209.5,13627.0,-238.0
2024-01-05T01:15:00,-83.5,13543.5,-321.5
2024-01-05T22:30:00,49.0,13592.5,-272.5
2024-01-08T19:30:00,-62.5,13530.0,-335.0
2024-01-09T19:00:00,-32.0,13498.0,-367.0
2024-01-10T00:15:00,-30.0,13468.0,-397.0
2024-01-10T14:30:00,83.0,13551.0,-314.0
2024-01-10T20:30:00,-57.5,13493.5,-371.5
2024-01-11T18:45:00,173.5,13667.0,-198.0
2024-01-13T00:15:00,-87.5,13579.5,-285.5
2024-01-15T18:00:00,-46.5,13533.0,-332.0
2024-01-17T00:00:00,18.5,13551.5,-313.5
2024-01-17T02:15:00,-120.0,13431.5,-433.5
2024-01-18T01:15:00,-118.0,13313.5,-551.5
2024-01-19T03:15:00,87.0,13400.5,-464.5
2024-01-19T14:45:00,57.5,13458.0,-407.0
2024-01-19T21:45:00,7.5,13465.5,-399.5
2024-01-22T15:00:00,495.0,13960.5,0.0
2024-01-22T22:45:00,-92.5,13868.0,-92.5
2024-01-23T23:30:00,-39.5,13828.5,-132.0
2024-01-25T04:15:00,298.5,14127.0,0.0
2024-01-26T00:15:00,19.5,14146.5,0.0
2024-01-26T02:15:00,-81.0,14065.5,-81.0
2024-01-27T00:15:00,-3.5,14062.0,-84.5
2024-01-27T02:45:00,-155.0,13907.0,-239.5
2024-01-30T15:30:00,229.0,14136.0,-10.5
2024-01-31T13:45:00,-7.0,14129.0,-17.5
2024-01-31T21:15:00,26.0,14155.0,0.0
2024-02-01T03:00:00,-93.5,14061.5,-93.5
2024-02-01T09:30:00,-132.0,13929.5,-225.5
2024-02-02T17:15:00,406.5,14336.0,0.0
2024-02-02T22:30:00,-46.5,14289.5,-46.5
2024-02-03T06:45:00,89.5,14379.0,0.0
2024-02-06T19:00:00,-26.0,14353.0,-26.0
2024-02-07T05:00:00,-10.5,14342.5,-36.5
2024-02-08T17:30:00,274.0,14616.5,0.0
2024-02-09T04:15:00,-80.0,14536.5,-80.0
2024-02-09T22:45:00,4.5,14541.0,-75.5
2024-02-12T08:15:00,53.5,14594.5,-22.0
2024-02-13T03:30:00,-8.0,14586.5,-30.0
2024-02-14T00:30:00,-222.0,14364.5,-252.0
2024-02-14T06:00:00,-203.5,14161.0,-455.5
2024-02-15T01:15:00,-82.5,14078.5,-538.0
2024-02-15T10:15:00,0.0,14078.5,-538.0
2024-02-16T00:30:00,-4.5,14074.0,-542.5
2024-02-16T10:00:00,-33.5,14040.5,-576.0
2024-02-16T22:00:00,-43.5,13997.0,-619.5
2024-02-20T01:15:00,-40.5,13956.5,-660.0
2024-02-20T15:30:00,87.0,14043.5,-573.0
2024-02-20T21:15:00,-79.5,13964.0,-652.5
2024-02-21T05:00:00,20.5,13984.5,-632.0
2024-02-21T19:30:00,-53.5,13931.0,-685.5
2024-02-22T05:45:00,-10.0,13921.0,-695.5
2024-02-22T06:30:00,209.0,14130.0,-486.5
2024-02-22T23:15:00,-61.5,14068.5,-548.0
2024-02-23T06:30:00,51.5,14120.0,-496.5
2024-02-24T00:45:00,-65.0,14055.0,-561.5
2024-02-26T17:45:00,-77.5,13977.5,-639.0
2024-02-27T06:00:00,-6.0,13971.5,-645.0
2024-02-27T22:30:00,9.0,13980.5,-636.0
2024-02-29T02:45:00,-117.0,13863.5,-753.0
2024-03-01T01:15:00,-3.5,13860.0,-756.5
2024-03-01T19:15:00,-57.5,13802.5,-814.0
2024-03-04T18:30:00,320.0,14122.5,-494.0
2024-03-06T06:15:00,-164.5,13958.0,-658.5
2024-03-06T21:00:00,-12.0,13946.0,-670.5
2024-03-07T00:00:00,-102.0,13844.0,-772.5
2024-03-07T03:45:00,-69.0,13775.0,-841.5
2024-03-08T06:15:00,511.0,14286.0,-330.5
2024-03-09T01:15:00,-196.5,14089.5,-527.0
2024-03-09T04:45:00,-287.0,13802.5,-814.0
2024-03-11T16:15:00,-80.5,13722.0,-894.5
2024-03-11T23:45:00,-125.5,13596.5,-1020.0
2024-03-12T17:15:00,61.5,13658.0,-958.5
2024-03-12T22:00:00,-83.5,13574.5,-1042.0
2024-03-13T09:45:00,106.0,13680.5,-936.0
2024-03-15T16:30:00,-31.5,13649.0,-967.5
2024-03-15T21:15:00,-19.5,13629.5,-987.0
2024-03-16T03:45:00,118.0,13747.5,-869.0
2024-03-19T02:00:00,229.5,13977.0,-639.5
2024-03-20T01:30:00,-107.5,13869.5,-747.0
2024-03-20T09:15:00,27.0,13896.5,-720.0
2024-03-20T22:45:00,-62.5,13834.0,-782.5
2024-03-21T18:15:00,489.0,14323.0,-293.5
2024-03-21T23:00:00,-43.0,14280.0,-336.5
2024-03-22T19:30:00,-33.5,14246.5,-370.0
2024-03-25T11:30:00,-53.5,14193.0,-423.5
2024-03-26T05:00:00,-108.5,14084.5,-532.0
2024-03-27T16:00:00,-25.5,14059.0,-557.5
2024-03-27T22:45:00,-84.0,13975.0,-641.5
2024-03-28T19:30:00,-40.0,13935.0,-681.5
2024-04-01T11:15:00,-2.0,13933.0,-683.5
2024-04-01T22:45:00,-101.5,13831.5,-785.0
2024-04-02T05:00:00,-69.0,13762.5,-854.0
2024-04-03T02:00:00,289.5,14052.0,-564.5
2024-04-03T18:00:00,-9.0,14043.0,-573.5
2024-04-03T23:00:00,-58.5,13984.5,-632.0
2024-04-04T04:15:00,-129.0,13855.5,-761.0
2024-04-05T03:15:00,-93.0,13762.5,-854.0
2024-04-05T13:00:00,448.0,14210.5,-406.0
2024-04-08T22:45:00,-156.0,14054.5,-562.0
2024-04-09T20:15:00,-120.5,13934.0,-682.5
2024-04-09T23:30:00,-116.5,13817.5,-799.0
2024-04-10T00:45:00,-138.0,13679.5,-937.0
2024-04-10T18:45:00,-65.0,13614.5,-1002.0
2024-04-10T21:45:00,-701.0,12913.5,-1703.0
2024-04-11T21:45:00,-188.5,12725.0,-1891.5
2024-04-12T13:45:00,337.0,13062.0,-1554.5
2024-04-15T23:15:00,-134.0,12928.0,-1688.5
2024-04-16T14:15:00,615.5,13543.5,-1073.0
2024-04-16T19:45:00,-84.5,13459.0,-1157.5
2024-04-17T17:30:00,-22.5,13436.5,-1180.0
2024-04-18T03:45:00,26.0,13462.5,-1154.0
2024-04-18T20:45:00,-63.0,13399.5,-1217.0
2024-04-18T23:30:00,-115.0,13284.5,-1332.0
2024-04-19T13:15:00,257.0,13541.5,-1075.0
2024-04-22T07:15:00,263.5,13805.0,-811.5
2024-04-23T01:00:00,-116.0,13689.0,-927.5
2024-04-24T20:45:00,-47.0,13642.0,-974.5
2024-04-24T23:00:00,-67.0,13575.0,-1041.5
2024-04-25T03:00:00,-80.5,13494.5,-1122.0
2024-04-25T10:00:00,110.0,13604.5,-1012.0
2024-04-25T16:00:00,-37.5,13567.0,-1049.5
2024-04-25T23:30:00,-104.0,13463.0,-1153.5
2024-04-26T18:15:00,306.5,13769.5,-847.0
2024-04-29T16:00:00,119.5,13889.0,-727.5
2024-05-01T20:30:00,-32.5,13856.5,-760.0
2024-05-02T03:45:00,324.0,14180.5,-436.0
2024-05-02T04:45:00,-367.5,13813.0,-803.5
2024-05-02T21:00:00,-72.5,13740.5,-876.0
2024-05-03T13:45:00,268.0,14008.5,-608.0
2024-05-03T21:00:00,-48.5,13960.0,-656.5
2024-05-06T09:00:00,182.5,14142.5,-474.0
2024-05-07T15:00:00,284.5,14427.0,-189.5
2024-05-07T23:15:00,7.5,14434.5,-182.0
2024-05-08T03:00:00,-112.0,14322.5,-294.0
2024-05-09T01:00:00,-88.5,14234.0,-382.5
2024-05-09T22:45:00,-121.0,14113.0,-503.5
2024-05-10T21:45:00,-38.5,14074.5,-542.0
2024-05-10T23:15:00,-97.5,13977.0,-639.5
2024-05-13T16:45:00,13.0,13990.0,-626.5
2024-05-13T22:45:00,-76.5,13913.5,-703.0
2024-05-14T18:45:00,-27.0,13886.5,-730.0
2024-05-15T13:30:00,212.0,14098.5,-518.0
2024-05-15T23:00:00,-10.5,14088.0,-528.5
2024-05-16T14:15:00,310.0,14398.0,-218.5
2024-05-17T01:15:00,-31.0,14367.0,-249.5
2024-05-17T22:30:00,-62.0,14305.0,-311.5
2024-05-20T21:45:00,-39.0,14266.0,-350.5
2024-05-21T15:00:00,83.5,14349.5,-267.0
2024-05-22T15:15:00,56.0,14405.5,-211.0
2024-05-23T02:00:00,-61.5,14344.0,-272.5
2024-05-23T15:30:00,93.5,14437.5,-179.0
2024-05-23T22:45:00,-102.0,14335.5,-281.0
2024-05-24T09:45:00,-29.5,14306.0,-310.5
2024-05-25T04:00:00,241.5,14547.5,-69.0
2024-05-27T23:00:00,-46.0,14501.5,-115.0
2024-05-28T09:15:00,-51.0,14450.5,-166.0
2024-05-28T19:30:00,-117.5,14333.0,-283.5
2024-05-30T16:30:00,121.0,14454.0,-162.5
2024-05-30T22:45:00,-42.0,14412.0,-204.5
2024-05-31T01:30:00,-95.0,14317.0,-299.5
2024-05-31T17:30:00,71.5,14388.5,-228.0
2024-05-31T23:00:00,-58.5,14330.0,-286.5
2024-06-01T04:15:00,57.0,14387.0,-229.5
2024-06-03T23:00:00,-29.5,14357.5,-259.0
2024-06-04T04:30:00,4.5,14362.0,-254.5
2024-06-04T20:45:00,-78.0,14284.0,-332.5
2024-06-05T04:15:00,-163.5,14120.5,-496.0
2024-06-06T14:30:00,635.0,14755.5,0.0
2024-06-06T21:45:00,-58.0,14697.5,-58.0
2024-06-07T16:30:00,-21.0,14676.5,-79.0
2024-06-11T03:30:00,-29.0,14647.5,-108.0
2024-06-12T16:15:00,284.5,14932.0,0.0
2024-06-13T18:30:00,661.5,15593.5,0.0
2024-06-14T16:00:00,-27.5,15566.0,-27.5
2024-06-17T10:15:00,70.5,15636.5,0.0
2024-06-18T09:45:00,729.5,16366.0,0.0
2024-06-18T18:30:00,-47.5,16318.5,-47.5
2024-06-19T23:45:00,-7.0,16311.5,-54.5
2024-06-20T21:00:00,74.0,16385.5,0.0
2024-06-22T02:00:00,-141.0,16244.5,-141.0
2024-06-25T15:15:00,-38.0,16206.5,-179.0
2024-06-25T20:45:00,-17.5,16189.0,-196.5
2024-06-26T16:15:00,-17.0,16172.0,-213.5
2024-06-26T23:15:00,-56.0,16116.0,-269.5
2024-06-27T11:15:00,-75.0,16041.0,-344.5
2024-06-28T21:45:00,-50.0,15991.0,-394.5
2024-06-28T23:45:00,-134.5,15856.5,-529.0
2024-07-01T11:15:00,44.0,15900.5,-485.0
2024-07-01T20:00:00,-87.0,15813.5,-572.0
2024-07-01T23:30:00,-96.5,15717.0,-668.5
2024-07-02T08:45:00,9.0,15726.0,-659.5
2024-07-02T23:15:00,-43.0,15683.0,-702.5
2024-07-03T20:15:00,283.0,15966.0,-419.5
2024-07-04T22:45:00,189.0,16155.0,-230.5
2024-07-05T21:15:00,26.0,16181.0,-204.5
2024-07-05T23:15:00,-44.5,16136.5,-249.0
2024-07-08T07:00:00,56.5,16193.0,-192.5
2024-07-08T23:15:00,28.5,16221.5,-164.0
2024-07-09T01:15:00,-52.0,16169.5,-216.0
2024-07-09T15:15:00,57.0,16226.5,-159.0
2024-07-09T20:45:00,-43.5,16183.0,-202.5
2024-07-10T14:45:00,-22.5,16160.5,-225.0
2024-07-11T00:15:00,-12.0,16148.5,-237.0
2024-07-11T09:30:00,111.5,16260.0,-125.5
2024-07-11T22:00:00,-115.0,16145.0,-240.5
2024-07-13T04:45:00,63.5,16208.5,-177.0
2024-07-15T20:45:00,-28.5,16180.0,-205.5
2024-07-16T01:30:00,-13.0,16167.0,-218.5
2024-07-16T14:00:00,-19.0,16148.0,-237.5
2024-07-16T23:00:00,-143.0,16005.0,-380.5
2024-07-16T23:45:00,-115.0,15890.0,-495.5
2024-07-18T09:45:00,928.0,16818.0,0.0
2024-07-19T00:00:00,-128.5,16689.5,-128.5
2024-07-19T07:15:00,-223.5,16466.0,-352.0
2024-07-20T04:15:00,-30.0,16436.0,-382.0
2024-07-25T22:00:00,1191.0,17627.0,0.0
2024-07-26T00:00:00,-365.0,17262.0,-365.0
2024-07-30T01:00:00,-175.0,17087.0,-540.0
2024-07-30T13:15:00,-83.0,17004.0,-623.0
2024-07-31T08:30:00,239.5,17243.5,-383.5
2024-08-01T15:15:00,-60.5,17183.0,-444.0
2024-08-05T17:15:00,2367.5,19550.5,0.0
2024-08-06T20:45:00,-137.0,19413.5,-137.0
2024-08-06T23:00:00,-286.5,19127.0,-423.5
2024-08-08T10:30:00,475.5,19602.5,0.0
2024-08-09T14:45:00,-124.5,19478.0,-124.5
2024-08-09T22:45:00,-41.0,19437.0,-165.5
2024-08-12T07:15:00,-198.5,19238.5,-364.0
2024-08-13T00:30:00,-134.0,19104.5,-498.0
2024-08-13T19:15:00,22.5,19127.0,-475.5
2024-08-14T16:15:00,469.5,19596.5,-6.0
2024-08-15T01:30:00,-247.5,19349.0,-253.5
2024-08-15T14:30:00,40.5,19389.5,-213.0
2024-08-16T17:30:00,645.5,20035.0,0.0
2024-08-17T04:45:00,-128.5,19906.5,-128.5
2024-08-19T22:45:00,-55.5,19851.0,-184.0
2024-08-20T17:45:00,401.0,20252.0,0.0
2024-08-21T15:15:00,-32.0,20220.0,-32.0
2024-08-21T22:45:00,0.5,20220.5,-31.5
2024-08-21T23:45:00,175.0,20395.5,0.0
2024-08-22T23:15:00,-51.0,20344.5,-51.0
2024-08-24T00:00:00,100.0,20444.5,0.0
2024-08-24T02:45:00,-290.5,20154.0,-290.5
2024-08-27T00:15:00,-130.0,20024.0,-420.5
2024-08-27T23:30:00,-107.5,19916.5,-528.0
2024-08-28T00:45:00,-131.5,19785.0,-659.5
2024-08-29T12:00:00,651.5,20436.5,-8.0
2024-08-30T11:30:00,-159.0,20277.5,-167.0
2024-08-31T00:00:00,-19.5,20258.0,-186.5
2024-08-31T03:45:00,-204.0,20054.0,-390.5
2024-09-03T07:45:00,-74.0,19980.0,-464.5
2024-09-03T16:15:00,-68.5,19911.5,-533.0
2024-09-04T18:45:00,1136.0,21047.5,0.0
2024-09-05T09:30:00,-159.0,20888.5,-159.0
2024-09-05T21:45:00,-70.0,20818.5,-229.0
2024-09-06T00:15:00,-206.5,20612.0,-435.5
2024-09-06T12:00:00,-87.0,20525.0,-522.5
2024-09-09T09:15:00,344.0,20869.0,-178.5
2024-09-10T01:00:00,-188.0,20681.0,-366.5
2024-09-10T16:45:00,-98.5,20582.5,-465.0
2024-09-10T19:00:00,-89.0,20493.5,-554.0
2024-09-11T15:15:00,-111.5,20382.0,-665.5
2024-09-11T21:45:00,-96.5,20285.5,-762.0
2024-09-11T22:45:00,-99.5,20186.0,-861.5
2024-09-12T00:45:00,-199.5,19986.5,-1061.0
2024-09-12T17:00:00,617.0,20603.5,-444.0
2024-09-13T00:45:00,-210.0,20393.5,-654.0
2024-09-13T11:45:00,72.0,20465.5,-582.0
2024-09-13T15:00:00,-65.5,20400.0,-647.5
2024-09-13T23:15:00,-10.5,20389.5,-658.0
2024-09-16T15:15:00,-128.5,20261.0,-786.5
2024-09-17T10:30:00,-78.5,20182.5,-865.0
2024-09-17T23:00:00,3.0,20185.5,-862.0
2024-09-20T04:15:00,511.5,20697.0,-350.5
2024-09-20T22:15:00,-71.0,20626.0,-421.5
2024-09-23T14:15:00,70.0,20696.0,-351.5
2024-09-25T09:15:00,-67.0,20629.0,-418.5
2024-09-26T02:15:00,48.0,20677.0,-370.5
2024-09-26T22:45:00,360.0,21037.0,-10.5
2024-09-27T22:45:00,-104.0,20933.0,-114.5
2024-09-30T23:15:00,-159.0,20774.0,-273.5
2024-10-01T13:15:00,-4.5,20769.5,-278.0
2024-10-01T22:30:00,-95.0,20674.5,-373.0
2024-10-02T03:00:00,-107.5,20567.0,-480.5
2024-10-02T22:30:00,-103.5,20463.5,-584.0
2024-10-02T23:00:00,-157.0,20306.5,-741.0
2024-10-03T20:00:00,17.0,20323.5,-724.0
2024-10-04T23:00:00,-201.5,20122.0,-925.5
2024-10-07T21:00:00,172.0,20294.0,-753.5
2024-10-08T16:45:00,52.5,20346.5,-701.0
2024-10-09T11:15:00,421.0,20767.5,-280.0
2024-10-10T15:00:00,331.5,21099.0,0.0
2024-10-11T03:00:00,-58.0,21041.0,-58.0
2024-10-11T13:45:00,-54.0,20987.0,-112.0
2024-10-12T05:30:00,-34.5,20952.5,-146.5
2024-10-15T10:00:00,198.5,21151.0,0.0
2024-10-15T22:45:00,-31.0,21120.0,-31.0
2024-10-16T15:15:00,-20.5,21099.5,-51.5
2024-10-17T22:45:00,221.0,21320.5,0.0
2024-10-18T22:45:00,24.5,21345.0,0.0
2024-10-21T22:15:00,-81.5,21263.5,-81.5
2024-10-21T23:45:00,-82.5,21181.0,-164.0
2024-10-22T16:15:00,-54.5,21126.5,-218.5
2024-10-22T23:00:00,-60.5,21066.0,-279.0
2024-10-23T01:30:00,-151.0,20915.0,-430.0
2024-10-23T17:45:00,-87.5,20827.5,-517.5
2024-10-24T05:15:00,100.5,20928.0,-417.0
2024-10-24T22:30:00,-85.0,20843.0,-502.0
2024-10-26T02:30:00,192.0,21035.0,-310.0
2024-10-28T14:45:00,-63.0,20972.0,-373.0
2024-10-28T20:15:00,-77.0,20895.0,-450.0
2024-10-30T12:30:00,232.0,21127.0,-218.0
2024-10-31T20:00:00,169.5,21296.5,-48.5
2024-11-01T12:15:00,141.5,21438.0,0.0
2024-11-02T03:00:00,-16.0,21422.0,-16.0
2024-11-04T22:15:00,-56.0,21366.0,-72.0
2024-11-06T20:45:00,875.5,22241.5,0.0
2024-11-07T00:00:00,-136.5,22105.0,-136.5
2024-11-07T09:45:00,46.0,22151.0,-90.5
2024-11-08T19:15:00,458.0,22609.0,0.0
2024-11-11T20:00:00,21.5,22630.5,0.0
2024-11-11T22:45:00,-59.5,22571.0,-59.5
2024-11-12T12:00:00,-58.0,22513.0,-117.5
2024-11-13T20:15:00,-68.0,22445.0,-185.5
2024-11-13T23:00:00,-115.0,22330.0,-300.5
2024-11-14T05:00:00,-150.5,22179.5,-451.0
2024-11-14T22:00:00,-40.0,22139.5,-491.0
2024-11-15T20:15:00,131.5,22271.0,-359.5
2024-11-18T08:15:00,438.0,22709.0,0.0
2024-11-18T23:15:00,-126.5,22582.5,-126.5
2024-11-19T19:30:00,-73.0,22509.5,-199.5
2024-11-19T23:30:00,-200.5,22309.0,-400.0
2024-11-20T21:15:00,-109.5,22199.5,-509.5
2024-11-21T05:45:00,-112.0,22087.5,-621.5
2024-11-21T19:45:00,-159.0,21928.5,-780.5
2024-11-22T01:00:00,-360.0,21568.5,-1140.5
2024-11-22T21:15:00,-114.0,21454.5,-1254.5
2024-11-23T00:15:00,-151.0,21303.5,-1405.5
2024-11-25T17:30:00,3.0,21306.5,-1402.5
2024-11-25T21:15:00,-46.0,21260.5,-1448.5
2024-11-26T00:00:00,-82.5,21178.0,-1531.0
2024-11-27T04:30:00,-32.0,21146.0,-1563.0
2024-11-27T12:45:00,-61.0,21085.0,-1624.0
2024-11-28T03:45:00,-142.5,20942.5,-1766.5
2024-11-28T17:15:00,25.5,20968.0,-1741.0
2024-11-29T09:15:00,-8.5,20959.5,-1749.5
2024-11-29T15:15:00,-37.0,20922.5,-1786.5
2024-12-02T08:45:00,91.0,21013.5,-1695.5
2024-12-03T17:15:00,456.0,21469.5,-1239.5
2024-12-05T10:00:00,494.0,21963.5,-745.5
2024-12-05T23:00:00,-3.5,21960.0,-749.0
2024-12-06T03:30:00,-119.0,21841.0,-868.0
2024-12-09T13:45:00,269.5,22110.5,-598.5
2024-12-11T01:45:00,-62.0,22048.5,-660.5
2024-12-12T06:15:00,626.5,22675.0,-34.0
2024-12-13T11:15:00,-62.0,22613.0,-96.0
2024-12-14T00:45:00,-62.5,22550.5,-158.5
2024-12-17T08:15:00,531.0,23081.5,0.0
2024-12-18T22:45:00,171.0,23252.5,0.0
2024-12-20T00:15:00,85.0,23337.5,0.0
2024-12-20T01:30:00,-205.0,23132.5,-205.0
2024-12-20T15:30:00,372.0,23504.5,0.0
2024-12-20T22:45:00,-163.5,23341.0,-163.5
2024-12-21T04:15:00,-277.5,23063.5,-441.0
2024-12-23T17:30:00,-64.5,22999.0,-505.5
2024-12-24T02:00:00,-110.0,22889.0,-615.5
2024-12-26T17:15:00,608.0,23497.0,-7.5
2024-12-26T23:45:00,-55.5,23441.5,-63.0
2024-12-27T21:00:00,31.5,23473.0,-31.5
2024-12-31T22:00:00,-51.5,23421.5,-83.0
2025-01-02T11:30:00,-43.0,23378.5,-126.0
2025-01-03T00:00:00,-356.5,23022.0,-482.5
2025-01-03T05:15:00,-27.0,22995.0,-509.5
2025-01-07T23:45:00,-25.0,22970.0,-534.5
2025-01-08T01:15:00,-120.5,22849.5,-655.0
2025-01-08T09:15:00,-72.0,22777.5,-727.0
2025-01-08T20:30:00,-118.5,22659.0,-845.5
2025-01-08T21:00:00,-94.5,22564.5,-940.0
2025-01-08T22:15:00,-108.5,22456.0,-1048.5
2025-01-09T03:30:00,-386.0,22070.0,-1434.5
2025-01-10T11:30:00,-117.0,21953.0,-1551.5
2025-01-10T21:15:00,-184.0,21769.0,-1735.5
2025-01-11T00:45:00,-298.0,21471.0,-2033.5
2025-01-13T15:15:00,-63.5,21407.5,-2097.0
2025-01-13T21:45:00,-46.0,21361.5,-2143.0
2025-01-14T11:15:00,225.5,21587.0,-1917.5
2025-01-14T22:45:00,-104.0,21483.0,-2021.5
2025-01-15T03:45:00,-82.0,21401.0,-2103.5
2025-01-15T06:00:00,-271.5,21129.5,-2375.0
2025-01-16T02:00:00,-181.5,20948.0,-2556.5
2025-01-16T11:30:00,-101.0,20847.0,-2657.5
2025-01-17T10:15:00,68.0,20915.0,-2589.5
2025-01-20T08:15:00,495.0,21410.0,-2094.5
2025-01-21T10:00:00,-344.5,21065.5,-2439.0
2025-01-21T23:45:00,-131.0,20934.5,-2570.0
2025-01-22T16:00:00,202.0,21136.5,-2368.0
2025-01-23T06:00:00,212.0,21348.5,-2156.0
2025-01-24T13:30:00,75.0,21423.5,-2081.0
2025-01-24T22:45:00,-79.0,21344.5,-2160.0
2025-01-25T00:15:00,-83.0,21261.5,-2243.0
2025-01-27T22:15:00,603.5,21865.0,-1639.5
2025-01-29T00:00:00,-200.0,21665.0,-1839.5
2025-01-29T22:15:00,273.5,21938.5,-1566.0
2025-01-30T04:45:00,-84.0,21854.5,-1650.0
2025-01-30T20:30:00,-65.5,21789.0,-1715.5
2025-01-30T22:15:00,-110.5,21678.5,-1826.0
2025-01-31T05:00:00,-255.0,21423.5,-2081.0
2025-01-31T13:45:00,5.0,21428.5,-2076.0
2025-02-01T03:30:00,-10.0,21418.5,-2086.0
2025-02-03T15:00:00,1108.5,22527.0,-977.5
2025-02-04T11:45:00,76.0,22603.0,-901.5
2025-02-05T06:45:00,258.0,22861.0,-643.5
2025-02-05T21:30:00,-109.0,22752.0,-752.5
2025-02-06T00:15:00,-27.0,22725.0,-779.5
2025-02-06T17:00:00,260.5,22985.5,-519.0
2025-02-07T00:45:00,-118.0,22867.5,-637.0
2025-02-07T06:15:00,-105.5,22762.0,-742.5
2025-02-07T13:30:00,-62.5,22699.5,-805.0
2025-02-08T00:15:00,-437.5,22262.0,-1242.5
2025-02-10T09:00:00,-134.5,22127.5,-1377.0
2025-02-11T06:00:00,200.0,22327.5,-1177.0
2025-02-12T02:15:00,-116.0,22211.5,-1293.0
2025-02-12T22:45:00,-536.5,21675.0,-1829.5
2025-02-13T16:00:00,97.5,21772.5,-1732.0
2025-02-14T14:45:00,296.5,22069.0,-1435.5
2025-02-15T01:30:00,-51.0,22018.0,-1486.5
2025-02-17T16:30:00,140.5,22158.5,-1346.0
2025-02-18T15:00:00,-7.0,22151.5,-1353.0
2025-02-19T16:15:00,-13.5,22138.0,-1366.5
2025-02-20T10:30:00,-155.0,21983.0,-1521.5
2025-02-20T20:45:00,-35.0,21948.0,-1556.5
2025-02-21T13:30:00,-75.5,21872.5,-1632.0
2025-02-21T23:45:00,-89.5,21783.0,-1721.5
2025-02-24T08:15:00,527.0,22310.0,-1194.5
2025-02-25T02:30:00,-120.5,22189.5,-1315.0
2025-02-25T15:15:00,-42.0,22147.5,-1357.0
2025-02-25T20:45:00,-166.0,21981.5,-1523.0
2025-02-26T10:00:00,24.5,22006.0,-1498.5
2025-02-27T00:00:00,-108.0,21898.0,-1606.5
2025-02-27T06:30:00,-68.0,21830.0,-1674.5
2025-02-28T17:30:00,1078.5,22908.5,-596.0
2025-03-04T00:30:00,-241.0,22667.5,-837.0
2025-03-04T13:30:00,324.0,22991.5,-513.0
2025-03-05T03:15:00,-133.0,22858.5,-646.0
2025-03-06T03:00:00,-156.0,22702.5,-802.0
2025-03-07T00:30:00,-28.0,22674.5,-830.0
2025-03-07T18:15:00,-107.5,22567.0,-937.5
2025-03-07T22:45:00,-148.5,22418.5,-1086.0
2025-03-08T03:15:00,-277.0,22141.5,-1363.0
2025-03-10T18:45:00,-153.0,21988.5,-1516.0
2025-03-11T11:15:00,1125.5,23114.0,-390.5
2025-03-12T00:15:00,-279.5,22834.5,-670.0
2025-03-12T03:15:00,-548.0,22286.5,-1218.0
2025-03-13T18:15:00,40.5,22327.0,-1177.5
2025-03-13T23:30:00,-218.0,22109.0,-1395.5
2025-03-14T09:45:00,-366.5,21742.5,-1762.0
2025-03-18T09:15:00,-132.0,21610.5,-1894.0
2025-03-19T13:15:00,51.0,21661.5,-1843.0
2025-03-19T22:45:00,-123.0,21538.5,-1966.0
2025-03-20T15:30:00,475.0,22013.5,-1491.0
2025-03-21T01:15:00,-234.5,21779.0,-1725.5
2025-03-25T12:30:00,977.5,22756.5,-748.0
2025-03-26T02:30:00,73.0,22829.5,-675.0
2025-03-26T11:15:00,-5.5,22824.0,-680.5
2025-03-27T15:00:00,-47.5,22776.5,-728.0
2025-03-27T23:00:00,-192.5,22584.0,-920.5
2025-03-28T00:45:00,-168.0,22416.0,-1088.5
2025-03-31T14:15:00,947.0,23363.0,-141.5
2025-03-31T22:15:00,-73.0,23290.0,-214.5
2025-03-31T23:00:00,-171.0,23119.0,-385.5
2025-04-01T23:45:00,-286.0,22833.0,-671.5
2025-04-02T22:45:00,-66.5,22766.5,-738.0
2025-04-03T12:00:00,36.5,22803.0,-701.5
2025-04-04T15:00:00,699.5,23502.5,-2.0
2025-04-07T10:15:00,3172.5,26675.0,0.0
2025-04-09T11:00:00,1090.0,27765.0,0.0
2025-04-09T15:15:00,-637.0,27128.0,-637.0
2025-04-11T03:30:00,90.5,27218.5,-546.5
2025-04-12T00:15:00,-118.0,27100.5,-664.5
2025-04-14T18:30:00,634.0,27734.5,-30.5
2025-04-14T22:45:00,-358.5,27376.0,-389.0
2025-04-15T23:30:00,-204.5,27171.5,-593.5
2025-04-17T19:45:00,-21.5,27150.0,-615.0
2025-04-17T21:15:00,-149.0,27001.0,-764.0
2025-04-18T03:30:00,-127.0,26874.0,-891.0
2025-04-21T14:45:00,-63.5,26810.5,-954.5
2025-04-22T04:45:00,531.5,27342.0,-423.0
2025-04-24T01:00:00,-84.5,27257.5,-507.5
2025-04-24T19:15:00,40.5,27298.0,-467.0
2025-04-24T20:45:00,-144.5,27153.5,-611.5
2025-04-25T11:30:00,1043.0,28196.5,0.0
2025-04-25T13:45:00,-117.5,28079.0,-117.5
2025-04-28T10:00:00,-97.5,27981.5,-215.0
2025-04-28T20:00:00,-105.0,27876.5,-320.0
2025-04-28T22:45:00,80.5,27957.0,-239.5
2025-04-29T13:15:00,-61.0,27896.0,-300.5
2025-04-30T05:45:00,-131.5,27764.5,-432.0
2025-05-01T15:00:00,559.0,28323.5,0.0
2025-05-01T22:45:00,-104.5,28219.0,-104.5
2025-05-02T01:00:00,-222.5,27996.5,-327.0
2025-05-03T04:15:00,310.0,28306.5,-17.0
2025-05-06T05:00:00,-135.0,28171.5,-152.0
2025-05-07T02:45:00,-191.0,27980.5,-343.0
2025-05-07T11:30:00,-78.5,27902.0,-421.5
2025-05-08T20:45:00,219.5,28121.5,-202.0
2025-05-09T05:00:00,-278.5,27843.0,-480.5
2025-05-09T20:30:00,-77.5,27765.5,-558.0
2025-05-12T22:45:00,634.5,28400.0,0.0
2025-05-14T05:00:00,774.0,29174.0,0.0
2025-05-14T16:30:00,-43.5,29130.5,-43.5
2025-05-14T23:00:00,-77.0,29053.5,-120.5
2025-05-16T03:30:00,74.5,29128.0,-46.0
2025-05-16T22:15:00,-36.0,29092.0,-82.0
2025-05-20T10:15:00,294.5,29386.5,0.0
2025-05-22T02:30:00,-321.0,29065.5,-321.0
2025-05-22T10:00:00,-109.5,28956.0,-430.5
2025-05-22T22:00:00,-220.0,28736.0,-650.5
2025-05-23T00:00:00,-110.5,28625.5,-761.0
2025-05-23T16:30:00,-131.5,28494.0,-892.5
2025-05-24T02:15:00,126.0,28620.0,-766.5
2025-05-26T23:30:00,-69.0,28551.0,-835.5
2025-05-27T14:30:00,-36.5,28514.5,-872.0
2025-05-28T12:45:00,159.5,28674.0,-712.5
2025-05-28T23:00:00,-56.5,28617.5,-769.0
2025-05-29T19:15:00,424.0,29041.5,-345.0
2025-05-30T15:30:00,-111.5,28930.0,-456.5
2025-05-31T03:30:00,-295.0,28635.0,-751.5
2025-06-03T11:15:00,384.5,29019.5,-367.0
2025-06-04T03:15:00,317.5,29337.0,-49.5
2025-06-04T21:30:00,-139.0,29198.0,-188.5
2025-06-06T01:45:00,-234.5,28963.5,-423.0
2025-06-06T10:45:00,-45.0,28918.5,-468.0
2025-06-09T07:15:00,274.5,29193.0,-193.5
2025-06-09T22:45:00,-30.0,29163.0,-223.5
2025-06-10T05:00:00,-62.0,29101.0,-285.5
2025-06-10T13:15:00,-24.0,29077.0,-309.5
2025-06-11T03:15:00,-82.5,28994.5,-392.0
2025-06-11T10:00:00,-68.0,28926.5,-460.0
2025-06-11T22:45:00,-152.5,28774.0,-612.5
2025-06-13T07:30:00,-4.0,28770.0,-616.5
2025-06-13T15:15:00,242.5,29012.5,-374.0
2025-06-14T03:15:00,143.0,29155.5,-231.0
2025-06-17T16:15:00,510.0,29665.5,0.0
2025-06-18T02:00:00,-170.0,29495.5,-170.0
2025-06-18T19:30:00,-83.0,29412.5,-253.0
2025-06-19T02:30:00,-192.5,29220.0,-445.5
2025-06-20T07:15:00,-216.5,29003.5,-662.0
2025-06-20T18:00:00,-68.5,28935.0,-730.5
2025-06-20T23:30:00,-61.5,28873.5,-792.0
2025-06-24T01:30:00,-241.5,28632.0,-1033.5
2025-06-24T20:15:00,500.5,29132.5,-533.0
2025-06-26T00:15:00,203.0,29335.5,-330.0
2025-06-27T22:15:00,424.5,29760.0,0.0
2025-06-28T00:00:00,-83.0,29677.0,-83.0
2025-06-30T16:15:00,-10.0,29667.0,-93.0
2025-06-30T21:45:00,-75.0,29592.0,-168.0
2025-07-02T16:30:00,-27.0,29565.0,-195.0
2025-07-03T11:30:00,91.5,29656.5,-103.5
2025-07-03T14:45:00,-48.5,29608.0,-152.0
2025-07-04T11:15:00,225.0,29833.0,0.0
2025-07-07T10:15:00,-147.0,29686.0,-147.0
2025-07-07T22:00:00,-85.5,29600.5,-232.5
2025-07-08T19:15:00,-18.5,29582.0,-251.0
2025-07-10T09:15:00,219.5,29801.5,-31.5
2025-07-10T18:30:00,-48.0,29753.5,-79.5
2025-07-10T22:45:00,-49.5,29704.0,-129.0
2025-07-11T21:00:00,-88.0,29616.0,-217.0
2025-07-12T00:30:00,-57.0,29559.0,-274.0
2025-07-14T13:00:00,-82.0,29477.0,-356.0
2025-07-14T22:45:00,-66.5,29410.5,-422.5
2025-07-15T04:45:00,71.0,29481.5,-351.5
2025-07-15T12:00:00,-42.0,29439.5,-393.5
2025-07-16T22:45:00,-108.0,29331.5,-501.5
2025-07-17T07:45:00,-106.5,29225.0,-608.0
2025-07-18T19:30:00,365.5,29590.5,-242.5
2025-07-21T12:45:00,-24.5,29566.0,-267.0
2025-07-22T04:15:00,70.5,29636.5,-196.5
2025-07-23T09:30:00,-106.0,29530.5,-302.5
2025-07-24T13:00:00,109.5,29640.0,-193.0
2025-07-25T05:00:00,-70.0,29570.0,-263.0
2025-07-25T13:45:00,-47.5,29522.5,-310.5
2025-07-26T05:00:00,-41.0,29481.5,-351.5
2025-07-28T16:15:00,49.0,29530.5,-302.5
2025-07-30T00:00:00,-26.5,29504.0,-329.0
2025-07-30T16:15:00,-45.5,29458.5,-374.5
2025-07-31T04:00:00,-272.0,29186.5,-646.5
2025-07-31T20:00:00,217.5,29404.0,-429.0
2025-08-01T10:30:00,-83.5,29320.5,-512.5
2025-08-01T21:15:00,-146.5,29174.0,-659.0
2025-08-01T23:45:00,-78.5,29095.5,-737.5
2025-08-05T21:30:00,-60.5,29035.0,-798.0
2025-08-06T03:00:00,97.5,29132.5,-700.5
2025-08-06T10:45:00,-11.5,29121.0,-712.0
2025-08-07T13:30:00,372.5,29493.5,-339.5
2025-08-08T05:00:00,-180.0,29313.5,-519.5
2025-08-11T08:45:00,198.0,29511.5,-321.5
2025-08-12T02:30:00,-117.5,29394.0,-439.0
2025-08-12T14:15:00,-40.5,29353.5,-479.5
2025-08-12T22:15:00,-94.5,29259.0,-574.0
2025-08-13T23:30:00,264.0,29523.0,-310.0
2025-08-14T10:45:00,-90.5,29432.5,-400.5
2025-08-14T21:45:00,-197.5,29235.0,-598.0
2025-08-15T00:30:00,-189.0,29046.0,-787.0
2025-08-15T17:45:00,-57.0,28989.0,-844.0
2025-08-18T13:15:00,-19.0,28970.0,-863.0
2025-08-19T09:30:00,-90.0,28880.0,-953.0
2025-08-19T18:00:00,-64.0,28816.0,-1017.0
2025-08-19T20:00:00,-49.5,28766.5,-1066.5
2025-08-20T15:45:00,397.0,29163.5,-669.5
2025-08-21T11:00:00,-59.0,29104.5,-728.5
2025-08-21T23:15:00,-75.5,29029.0,-804.0
2025-08-22T04:00:00,-157.5,28871.5,-961.5
2025-08-25T13:30:00,-60.5,28811.0,-1022.0
2025-08-25T23:00:00,-49.5,28761.5,-1071.5
2025-08-26T14:45:00,6.5,28768.0,-1065.0
2025-08-27T03:00:00,-80.0,28688.0,-1145.0
2025-08-27T09:30:00,66.5,28754.5,-1078.5
2025-08-27T14:15:00,-52.0,28702.5,-1130.5
2025-08-28T01:30:00,-113.5,28589.0,-1244.0
2025-08-28T04:15:00,-163.0,28426.0,-1407.0
2025-08-28T23:00:00,-186.0,28240.0,-1593.0
2025-08-29T07:15:00,-10.5,28229.5,-1603.5
2025-09-01T11:00:00,-37.0,28192.5,-1640.5
2025-09-01T15:45:00,-79.5,28113.0,-1720.0
2025-09-02T08:00:00,-82.0,28031.0,-1802.0
2025-09-02T10:00:00,-69.5,27961.5,-1871.5
2025-09-03T02:45:00,413.5,28375.0,-1458.0
2025-09-04T00:30:00,-164.5,28210.5,-1622.5
2025-09-04T05:15:00,-178.0,28032.5,-1800.5
2025-09-04T21:00:00,-69.0,27963.5,-1869.5
2025-09-04T23:45:00,-127.0,27836.5,-1996.5
2025-09-05T21:00:00,372.0,28208.5,-1624.5
2025-09-05T23:15:00,-146.0,28062.5,-1770.5
2025-09-06T04:15:00,-123.0,27939.5,-1893.5
2025-09-08T11:15:00,6.0,27945.5,-1887.5
2025-09-08T21:15:00,-79.0,27866.5,-1966.5
2025-09-09T01:45:00,-34.5,27832.0,-2001.0
2025-09-09T14:30:00,-27.5,27804.5,-2028.5
2025-09-10T17:30:00,84.5,27889.0,-1944.0
2025-09-10T22:45:00,-47.0,27842.0,-1991.0
2025-09-11T21:45:00,-68.0,27774.0,-2059.0
2025-09-11T22:45:00,-104.0,27670.0,-2163.0
2025-09-12T11:15:00,-33.0,27637.0,-2196.0
2025-09-12T15:30:00,-29.0,27608.0,-2225.0
2025-09-12T21:45:00,-25.0,27583.0,-2250.0
2025-09-12T22:45:00,-36.5,27546.5,-2286.5
2025-09-15T09:30:00,49.0,27595.5,-2237.5
2025-09-15T17:15:00,-55.0,27540.5,-2292.5
2025-09-16T20:30:00,385.5,27926.0,-1907.0
2025-09-17T11:15:00,-26.5,27899.5,-1933.5
2025-09-18T15:15:00,53.5,27953.0,-1880.0
2025-09-18T22:00:00,-76.5,27876.5,-1956.5
2025-09-19T04:30:00,-130.0,27746.5,-2086.5
2025-09-20T00:30:00,-16.5,27730.0,-2103.0
2025-09-22T15:00:00,46.5,27776.5,-2056.5
2025-09-23T07:45:00,210.5,27987.0,-1846.0
2025-09-23T15:15:00,-29.5,27957.5,-1875.5
2025-09-25T13:30:00,-5.0,27952.5,-1880.5
2025-09-25T23:00:00,-49.5,27903.0,-1930.0
2025-09-26T22:15:00,-86.5,27816.5,-2016.5
2025-09-29T20:15:00,206.0,28022.5,-1810.5
2025-09-30T00:30:00,-95.0,27927.5,-1905.5
2025-10-01T09:30:00,-213.0,27714.5,-2118.5
2025-10-01T18:30:00,24.5,27739.0,-2094.0
2025-10-02T22:45:00,235.5,27974.5,-1858.5
2025-10-03T19:45:00,43.5,28018.0,-1815.0
2025-10-06T16:45:00,-37.5,27980.5,-1852.5
2025-10-07T05:15:00,102.0,28082.5,-1750.5
2025-10-08T00:00:00,-49.5,28033.0,-1800.0
2025-10-08T14:15:00,-40.5,27992.5,-1840.5
2025-10-09T10:15:00,402.5,28395.0,-1438.0
2025-10-10T13:00:00,-6.0,28389.0,-1444.0
2025-10-10T23:15:00,-80.0,28309.0,-1524.0
2025-10-13T09:00:00,71.0,28380.0,-1453.0
2025-10-14T12:15:00,-45.0,28335.0,-1498.0
2025-10-14T23:30:00,233.0,28568.0,-1265.0
2025-10-16T00:45:00,-236.5,28331.5,-1501.5
2025-10-16T02:45:00,-269.5,28062.0,-1771.0
2025-10-17T20:00:00,849.5,28911.5,-921.5
2025-10-20T18:00:00,-61.5,28850.0,-983.0
2025-10-21T13:00:00,281.5,29131.5,-701.5
2025-10-22T05:15:00,-154.0,28977.5,-855.5
2025-10-25T05:00:00,697.5,29675.0,-158.0
2025-10-28T10:00:00,528.0,30203.0,0.0
2025-10-29T18:15:00,494.0,30697.0,0.0
2025-10-29T23:15:00,-65.5,30631.5,-65.5
2025-10-31T12:30:00,-59.0,30572.5,-124.5
2025-10-31T22:45:00,-204.0,30368.5,-328.5
2025-11-04T00:30:00,-156.0,30212.5,-484.5
2025-11-05T00:00:00,-6.0,30206.5,-490.5
2025-11-05T12:15:00,321.0,30527.5,-169.5
2025-11-05T21:15:00,-131.5,30396.0,-301.0
2025-11-06T12:00:00,-170.5,30225.5,-471.5
2025-11-07T04:15:00,423.5,30649.0,-48.0
2025-11-07T14:15:00,-198.5,30450.5,-246.5
2025-11-08T03:30:00,411.0,30861.5,0.0
2025-11-12T03:00:00,146.0,31007.5,0.0
2025-11-12T13:45:00,22.0,31029.5,0.0
2025-11-12T20:30:00,-155.0,30874.5,-155.0
2025-11-13T17:00:00,-59.5,30815.0,-214.5
2025-11-14T06:15:00,869.5,31684.5,0.0
2025-11-14T14:30:00,-116.0,31568.5,-116.0
2025-11-14T23:45:00,58.5,31627.0,-57.5
2025-11-17T19:30:00,-71.5,31555.5,-129.0
2025-11-18T00:00:00,16.0,31571.5,-113.0
2025-11-18T17:45:00,152.5,31724.0,0.0
2025-11-19T01:30:00,-251.0,31473.0,-251.0
2025-11-19T15:30:00,-175.5,31297.5,-426.5
2025-11-20T22:00:00,-163.5,31134.0,-590.0
2025-11-21T10:30:00,1566.5,32700.5,0.0
2025-11-21T20:30:00,-98.0,32602.5,-98.0
2025-11-24T21:00:00,-169.0,32433.5,-267.0
2025-11-25T19:45:00,-85.0,32348.5,-352.0
2025-11-26T18:00:00,361.5,32710.0,0.0
2025-11-27T16:00:00,22.0,32732.0,0.0
2025-12-01T09:30:00,87.5,32819.5,0.0
2025-12-02T00:45:00,-61.5,32758.0,-61.5
2025-12-02T04:30:00,-32.5,32725.5,-94.0
2025-12-03T01:30:00,28.0,32753.5,-66.0
2025-12-03T15:30:00,-7.5,32746.0,-73.5
2025-12-04T20:00:00,-79.5,32666.5,-153.0
2025-12-04T23:45:00,-268.0,32398.5,-421.0
2025-12-05T22:30:00,46.5,32445.0,-374.5
2025-12-06T01:00:00,-96.0,32349.0,-470.5
2025-12-08T18:00:00,-5.0,32344.0,-475.5
2025-12-10T06:30:00,-81.5,32262.5,-557.0
2025-12-11T09:45:00,-247.0,32015.5,-804.0
2025-12-11T16:45:00,34.0,32049.5,-770.0
2025-12-11T23:45:00,-181.5,31868.0,-951.5
2025-12-12T00:15:00,-283.0,31585.0,-1234.5
2025-12-12T18:15:00,-148.5,31436.5,-1383.0
2025-12-12T19:15:00,-93.0,31343.5,-1476.0
2025-12-12T23:00:00,-139.5,31204.0,-1615.5
2025-12-15T10:45:00,377.0,31581.0,-1238.5
2025-12-15T23:45:00,-44.5,31536.5,-1283.0
2025-12-16T17:15:00,625.0,32161.5,-658.0
2025-12-18T16:15:00,596.0,32757.5,-62.0
2025-12-20T00:30:00,-78.0,32679.5,-140.0
2025-12-22T14:15:00,61.0,32740.5,-79.0
2025-12-22T23:45:00,-69.5,32671.0,-148.5
2025-12-24T00:00:00,-78.0,32593.0,-226.5
2025-12-24T11:30:00,51.0,32644.0,-175.5
2025-12-24T23:30:00,-51.0,32593.0,-226.5
2025-12-27T00:15:00,-17.0,32576.0,-243.5
2025-12-31T00:15:00,-119.5,32456.5,-363.0
2025-12-31T20:15:00,139.5,32596.0,-223.5
2026-01-02T10:00:00,-26.0,32570.0,-249.5
2026-01-03T04:30:00,386.0,32956.0,0.0
2026-01-07T11:30:00,7.5,32963.5,0.0
2026-01-08T00:45:00,0.5,32964.0,0.0
2026-01-08T04:30:00,-12.0,32952.0,-12.0
2026-01-09T23:45:00,80.0,33032.0,0.0
2026-01-10T06:45:00,142.5,33174.5,0.0
2026-01-13T06:00:00,397.5,33572.0,0.0
2026-01-13T23:45:00,3.0,33575.0,0.0
2026-01-14T22:30:00,-94.5,33480.5,-94.5
2026-01-15T05:15:00,156.0,33636.5,0.0
2026-01-16T01:00:00,47.5,33684.0,0.0
2026-01-16T09:45:00,-73.0,33611.0,-73.0
2026-01-17T00:00:00,-146.0,33465.0,-219.0
2026-01-17T01:15:00,-135.0,33330.0,-354.0
2026-01-19T21:45:00,201.0,33531.0,-153.0
2026-01-20T00:00:00,-140.0,33391.0,-293.0
2026-01-20T20:30:00,-114.5,33276.5,-407.5
2026-01-21T10:15:00,-81.5,33195.0,-489.0
2026-01-21T19:30:00,-96.0,33099.0,-585.0
2026-01-21T23:15:00,-155.5,32943.5,-740.5
2026-01-22T23:45:00,-72.5,32871.0,-813.0
2026-01-23T20:30:00,-86.5,32784.5,-899.5
2026-01-24T06:30:00,-118.0,32666.5,-1017.5
2026-01-26T09:30:00,-215.5,32451.0,-1233.0
2026-01-27T06:00:00,193.0,32644.0,-1040.0
2026-01-27T17:30:00,67.0,32711.0,-973.0
2026-01-27T21:45:00,-43.5,32667.5,-1016.5
2026-01-28T12:45:00,285.5,32953.0,-731.0
2026-01-28T22:45:00,57.5,33010.5,-673.5
2026-02-02T17:00:00,647.0,33657.5,-26.5
2026-02-03T05:00:00,188.0,33845.5,0.0
2026-02-03T11:45:00,-100.5,33745.0,-100.5
2026-02-04T06:00:00,613.5,34358.5,0.0
2026-02-04T19:30:00,-122.5,34236.0,-122.5
2026-02-05T00:30:00,-103.0,34133.0,-225.5
2026-02-05T05:00:00,-255.0,33878.0,-480.5
2026-02-06T10:45:00,850.5,34728.5,0.0
2026-02-09T22:15:00,-100.5,34628.0,-100.5
2026-02-10T09:15:00,106.0,34734.0,0.0
2026-02-11T09:45:00,-140.0,34594.0,-140.0
2026-02-11T20:15:00,-108.5,34485.5,-248.5
2026-02-12T00:15:00,-309.5,34176.0,-558.0
2026-02-12T01:00:00,-335.0,33841.0,-893.0
2026-02-12T23:30:00,-130.0,33711.0,-1023.0
2026-02-13T18:30:00,48.5,33759.5,-974.5
2026-02-14T05:00:00,-197.5,33562.0,-1172.0
2026-02-17T08:15:00,19.5,33581.5,-1152.5
2026-02-17T17:00:00,13.5,33595.0,-1139.0
2026-02-17T23:00:00,-128.5,33466.5,-1267.5
2026-02-18T00:30:00,-83.5,33383.0,-1351.0
2026-02-20T06:00:00,142.0,33525.0,-1209.0
2026-02-20T19:45:00,-69.0,33456.0,-1278.0
2026-02-20T23:45:00,-420.5,33035.5,-1698.5
2026-02-21T02:30:00,-383.0,32652.5,-2081.5
2026-02-23T21:00:00,-1.0,32651.5,-2082.5
2026-02-24T11:15:00,-184.0,32467.5,-2266.5
2026-02-25T00:15:00,-92.5,32375.0,-2359.0
2026-02-25T16:45:00,32.0,32407.0,-2327.0
2026-02-26T08:45:00,398.0,32805.0,-1929.0
2026-02-26T20:00:00,-70.5,32734.5,-1999.5
2026-02-28T00:00:00,-80.0,32654.5,-2079.5
2026-03-03T11:00:00,72.0,32726.5,-2007.5
2026-03-03T21:15:00,600.0,33326.5,-1407.5
2026-03-04T01:15:00,-426.5,32900.0,-1834.0
2026-03-04T10:30:00,-40.0,32860.0,-1874.0
2026-03-04T16:45:00,-68.0,32792.0,-1942.0
2026-03-05T06:00:00,-81.0,32711.0,-2023.0
2026-03-05T18:15:00,-193.5,32517.5,-2216.5
2026-03-06T05:30:00,-52.5,32465.0,-2269.0
2026-03-06T17:30:00,-141.5,32323.5,-2410.5
2026-03-09T14:15:00,1573.5,33897.0,-837.0
2026-03-10T09:15:00,582.5,34479.5,-254.5
2026-03-11T03:15:00,-223.5,34256.0,-478.0
2026-03-11T14:15:00,-105.5,34150.5,-583.5
2026-03-11T23:45:00,-68.0,34082.5,-651.5
2026-03-12T10:45:00,-192.5,33890.0,-844.0
2026-03-12T14:15:00,-62.0,33828.0,-906.0
2026-03-13T09:30:00,77.5,33905.5,-828.5
2026-03-16T08:00:00,-183.0,33722.5,-1011.5
2026-03-16T18:45:00,-43.0,33679.5,-1054.5
2026-03-17T09:30:00,28.5,33708.0,-1026.0
2026-03-18T20:30:00,110.0,33818.0,-916.0
2026-03-19T10:45:00,738.5,34556.5,-177.5
2026-03-20T00:15:00,-151.0,34405.5,-328.5
2026-03-20T17:15:00,-81.0,34324.5,-409.5
2026-03-23T07:00:00,1134.0,35458.5,0.0
2026-03-23T20:30:00,-412.5,35046.0,-412.5
2026-03-24T15:30:00,-159.5,34886.5,-572.0
2026-03-25T00:00:00,-130.0,34756.5,-702.0
2026-03-26T12:45:00,-235.5,34521.0,-937.5
2026-03-26T23:00:00,-128.0,34393.0,-1065.5
2026-03-27T13:00:00,225.0,34618.0,-840.5
2026-03-30T12:15:00,913.0,35531.0,0.0
2026-03-31T00:15:00,-30.5,35500.5,-30.5
2026-03-31T09:45:00,180.0,35680.5,0.0
2026-04-01T22:00:00,-257.5,35423.0,-257.5
2026-04-02T03:15:00,-68.0,35355.0,-325.5
2026-04-02T16:45:00,263.5,35618.5,-62.0
2026-04-02T22:45:00,30.5,35649.0,-31.5
2026-04-03T11:30:00,-140.0,35509.0,-171.5
2026-04-06T12:30:00,-148.0,35361.0,-319.5
2026-04-06T23:15:00,-126.0,35235.0,-445.5
2026-04-07T19:15:00,-72.0,35163.0,-517.5
2026-04-08T22:45:00,1459.5,36622.5,0.0
2026-04-09T22:45:00,38.5,36661.0,0.0
2026-04-10T15:00:00,271.0,36932.0,0.0
2026-04-13T20:45:00,-66.0,36866.0,-66.0
2026-04-15T14:30:00,1543.5,38409.5,0.0
2026-04-16T14:15:00,701.0,39110.5,0.0
2026-04-17T01:45:00,-110.0,39000.5,-110.0
2026-04-18T02:30:00,506.0,39506.5,0.0
2026-04-20T23:45:00,-72.5,39434.0,-72.5
2026-04-21T17:15:00,-47.5,39386.5,-120.0
2026-04-21T21:45:00,-84.0,39302.5,-204.0
2026-04-22T14:00:00,-51.5,39251.0,-255.5
2026-04-22T21:45:00,-114.0,39137.0,-369.5
2026-04-23T09:15:00,30.0,39167.0,-339.5
2026-04-23T22:00:00,-45.5,39121.5,-385.0
2026-04-24T02:15:00,-343.5,38778.0,-728.5
2026-04-24T12:00:00,-109.5,38668.5,-838.0
2026-04-27T07:15:00,350.5,39019.0,-487.5
2026-04-27T14:15:00,-73.0,38946.0,-560.5
2026-04-28T11:00:00,-123.5,38822.5,-684.0
2026-04-29T16:00:00,54.5,38877.0,-629.5
2026-04-30T00:30:00,-62.5,38814.5,-692.0
2026-04-30T05:15:00,-376.0,38438.5,-1068.0
2026-04-30T11:45:00,5.0,38443.5,-1063.0
2026-04-30T22:45:00,-287.5,38156.0,-1350.5
2026-05-01T15:00:00,93.5,38249.5,-1257.0
2026-05-04T15:45:00,504.5,38754.0,-752.5
2026-05-06T21:15:00,1233.0,39987.0,0.0
2026-05-07T09:30:00,-1.5,39985.5,-1.5
2026-05-08T01:15:00,-47.5,39938.0,-49.0
2026-05-11T16:15:00,1052.5,40990.5,0.0
2026-05-11T21:15:00,-142.5,40848.0,-142.5
2026-05-11T23:00:00,-177.0,40671.0,-319.5
2026-05-12T05:15:00,-149.0,40522.0,-468.5
2026-05-13T20:15:00,342.5,40864.5,-126.0
2026-05-14T12:00:00,198.0,41062.5,0.0
2026-05-15T02:30:00,-76.0,40986.5,-76.0
2026-05-16T05:00:00,-374.0,40612.5,-450.0
2026-05-18T22:45:00,-302.0,40310.5,-752.0
2026-05-19T05:00:00,-277.0,40033.5,-1029.0
2026-05-19T15:45:00,-170.5,39863.0,-1199.5
2026-05-19T22:45:00,-138.0,39725.0,-1337.5
2026-05-20T01:30:00,-346.5,39378.5,-1684.0
2026-05-20T05:00:00,-300.0,39078.5,-1984.0
2026-05-21T07:15:00,-102.0,38976.5,-2086.0
2026-05-22T04:00:00,-313.0,38663.5,-2399.0
2026-05-22T21:15:00,-137.0,38526.5,-2536.0
2026-05-23T04:15:00,-272.0,38254.5,-2808.0
2026-05-25T16:15:00,336.0,38590.5,-2472.0
2026-05-25T23:15:00,-80.5,38510.0,-2552.5
2026-05-27T13:00:00,500.5,39010.5,-2052.0
2026-05-27T22:30:00,-118.5,38892.0,-2170.5
2026-05-28T22:45:00,-141.5,38750.5,-2312.0
2026-05-29T09:45:00,176.0,38926.5,-2136.0
2026-05-29T19:15:00,-89.0,38837.5,-2225.0
2026-05-29T23:45:00,-178.5,38659.0,-2403.5
2026-06-01T16:30:00,19.5,38678.5,-2384.0
2026-06-02T05:30:00,15.5,38694.0,-2368.5
2026-06-02T20:15:00,-67.0,38627.0,-2435.5
2026-06-03T08:30:00,16.0,38643.0,-2419.5
2026-06-03T22:00:00,-98.0,38545.0,-2517.5
2026-06-05T05:15:00,-57.0,38488.0,-2574.5
2026-06-05T11:00:00,-219.5,38268.5,-2794.0
2026-06-08T09:00:00,1906.5,40175.0,-887.5
2026-06-09T08:45:00,-232.0,39943.0,-1119.5
2026-06-09T23:15:00,-454.5,39488.5,-1574.0
2026-06-10T03:30:00,942.5,40431.0,-631.5
2026-06-10T21:45:00,-80.5,40350.5,-712.0
2026-06-11T09:30:00,248.0,40598.5,-464.0
2026-06-12T10:30:00,790.5,41389.0,0.0
